"Table  S2: The expressed miRNAs observed in MCF-7 spheroid cells (Top ten is highlighted)",,,,,,,
"Feature ID","Expression values","Name","Resource","Exact mature 5'","Mature 5'","Unique exact mature 5'","Unique mature 5'"
"TACCCTGTAGATCCGAATTTGTG",299888,"mir-10a","Homo sapiens",30754,299888,30754,299779
"TAGCTTATCAGACTGATGTTGA",270940,"mir-21","Homo sapiens",68162,270940,68162,270940
"TACCCTGTAGAACCGAATTTGTG",168371,"mir-10b","Homo sapiens",7727,168371,7727,168266
"TTCACAGTGGCTAAGTTCTGC",82635,"mir-27b","Homo sapiens",20876,82635,20876,82487
"TCAGTGCACTACAGAACTTTGT",39525,"mir-148a","Homo sapiens",21348,39525,21348,39520
"TTCAAGTAATCCAGGATAGGCT",38182,"mir-26a-1//mir-26a-2","Homo sapiens",33127,38182,0,0
"TATTGCACTTGTCCCGGCCTGT",34525,"mir-92a-1//mir-92a-2","Homo sapiens",10398,34525,0,7234
"CAACGGAATCCCAAAAGCAGCTG",33372,"mir-191","Homo sapiens",27109,33372,27109,33372
"TGAGGTAGTAGGTTGTATAGTT",29609,"let-7a-1//let-7a-2//let-7a-3","Homo sapiens",20783,29609,0,257
"TGAGGTAGTAGTTTGTGCTGTT",26308,"let-7i","Homo sapiens",20907,26308,20907,26307
"TGTAAACATCCTCGACTGGAAG",25914,"mir-30a","Homo sapiens",181,25914,181,25911
"TCCTGTACTGAGCTGCCCCGAG",24844,"mir-486//mir-486-2","Homo sapiens",5276,24844,0,1393
"TGTAAACATCCCCGACTGGAAG",21984,"mir-30d","Homo sapiens",227,21984,227,21980
"CAACACCAGTCGATGGGCTGT",18800,"mir-21","Homo sapiens",48,18800,48,18800
"TTTGGCAATGGTAGAACTCACACT",17871,"mir-182","Homo sapiens",13015,17871,13015,17871
"TGAGGTAGTAGATTGTATAGTT",16892,"let-7f-1//let-7f-2","Homo sapiens",12823,16892,0,1143
"AAGCTGCCAGTTGAAGAACTGT",15209,"mir-22","Homo sapiens",14614,15209,14614,15209
"TAGCAGCACGTAAATATTGGCG",14280,"mir-16-1//mir-16-2","Homo sapiens",8143,14280,0,51
"CTAGACTGAAGCTCCTTGAGG",12657,"mir-151a","Homo sapiens",3440,12657,3440,12657
"CAAAGAATTCTCCTTTTGGGCT",11567,"mir-186","Homo sapiens",4932,11567,4932,11567
"ACTGGACTTGGAGTCAGAAGGC",10248,"mir-378a","Homo sapiens",3696,10248,3696,10248
"TCGAGGAGCTCACAGTCTAGT",10145,"mir-151a","Homo sapiens",7387,10145,7387,10145
"TCAGTGCATCACAGAACTTTGT",8966,"mir-148b","Homo sapiens",1977,8966,1977,8964
"CATTGCACTTGTCTCGGTCTGA",8731,"mir-25","Homo sapiens",7030,8731,7030,8731
"CACCCGTAGAACCGACCTTGCG",8354,"mir-99b","Homo sapiens",3999,8354,3999,8354
"TATGGCACTGGTAGAATTCACT",8259,"mir-183","Homo sapiens",2208,8259,2208,8259
"TGTAAACATCCTTGACTGGAAG",7166,"mir-30e","Homo sapiens",18,7166,18,7162
"AGCTACATTGTCTGCTGGGTTTC",6574,"mir-221","Homo sapiens",1445,6574,1445,6574
"TTCACAGTGGCTAAGTTCCGC",6416,"mir-27a","Homo sapiens",1037,6416,1037,6269
"CACTAGATTGTGAGCTCCTGGA",6260,"mir-28","Homo sapiens",16,6260,16,6260
"CTGACCTATGAATTGACAGCC",6243,"mir-192","Homo sapiens",4762,6243,4762,6239
"TGAGGTAGTAGGTTGTGTGGTT",6172,"let-7b","Homo sapiens",2844,6172,2844,6113
"TATTGCACTCGTCCCGGCCTCC",5925,"mir-92b","Homo sapiens",1384,5925,1384,5784
"AACATTCAACGCTGTCGGTGAGT",5414,"mir-181a-2//mir-181a-1","Homo sapiens",2280,5414,0,1
"CTCCGTTTGCCTGTTTCGCTG",5249,"mir-1468","Homo sapiens",0,5249,0,5249
"TGGCTCAGTTCAGCAGGAACAG",4141,"mir-24-1//mir-24-2","Homo sapiens",206,4141,0,27
"TCCCTGAGACCCTTTAACCTGTGA",3705,"mir-125a","Homo sapiens",2335,3705,2335,3705
"TTCAAGTAATTCAGGATAGGT",3578,"mir-26b","Homo sapiens",240,3578,240,3578
"TCTTTGGTTATCTAGCTGTATGA",3551,"mir-9-1//mir-9-2//mir-9-3","Homo sapiens",1943,3551,0,0
"ATCACATTGCCAGGGATTTCC",3537,"mir-23a","Homo sapiens",1823,3537,1823,3532
"ATCACATTGCCAGGGATTACC",3489,"mir-23b","Homo sapiens",2096,3489,2096,3483
"TACCACAGGGTAGAACCACGG",3477,"mir-140","Homo sapiens",3,3477,3,3477
"TAGCACCATCTGAAATCGGTTA",3240,"mir-29a","Homo sapiens",1284,3240,1284,3226
"TACAGTACTGTGATAACTGAA",3131,"mir-101-1//mir-101-2","Homo sapiens",187,3131,0,22
"CAAAGTGCTGTTCGTGCAGGTAG",3069,"mir-93","Homo sapiens",779,3069,779,3069
"TTAATGCTAATCGTGATAGGGGT",2894,"mir-155","Homo sapiens",660,2894,660,2894
"AACCCGTAGATCCGAACTTGTG",2759,"mir-100","Homo sapiens",1158,2759,1158,2759
"CAGTGCAATGTTAAAAGGGCAT",2737,"mir-130a","Homo sapiens",290,2737,290,2737
"TGAGGTAGTAGTTTGTACAGTT",2659,"let-7g","Homo sapiens",2099,2659,2099,2655
"AGCTACATCTGGCTACTGGGT",2576,"mir-222","Homo sapiens",140,2576,140,2576
"AACTGGCCCTCAAAGTCCCGCT",2552,"mir-193b","Homo sapiens",6,2552,6,2552
"TTTTGCAATATGTTCCTGAATA",2400,"mir-450b","Homo sapiens",172,2400,172,2400
"TGTAAACATCCTACACTCAGCT",2312,"mir-30b","Homo sapiens",2120,2312,2120,2312
"TGAGACCTCTGGGTTCTGAGCT",2293,"mir-769","Homo sapiens",6,2293,6,2293
"TACCCATTGCATATCGGAGTTG",2287,"mir-660","Homo sapiens",0,2287,0,2287
"AGCAGCATTGTACAGGGCTATGA",2242,"mir-103a-2//mir-103a-1","Homo sapiens",1209,2242,0,10
"TGTAAACATCCTACACTCTCAGC",2148,"mir-30c-2//mir-30c-1","Homo sapiens",121,2148,0,0
"TGAGGTAGTAAGTTGTATTGTT",2118,"mir-98","Homo sapiens",1774,2118,1774,2117
"AGGCAAGATGCTGGCATAGCT",2049,"mir-31","Homo sapiens",190,2049,190,2049
"CTGTGCGTGTGACAGCGGCTGA",1885,"mir-210","Homo sapiens",684,1885,684,1885
"TTATAAAGCAATGAGACTGATT",1831,"mir-340","Homo sapiens",1218,1831,1218,1831
"TGAGATGAAGCACTGTAGCTC",1786,"mir-143","Homo sapiens",409,1786,409,1786
"TCGACCGGACCTCGACCGGCT",1712,"mir-1307","Homo sapiens",1414,1712,1414,1712
"TCCCTGAGACCCTAACTTGTGA",1630,"mir-125b-1//mir-125b-2","Homo sapiens",1125,1630,0,31
"CAGTGCAATAGTATTGTCAAAGC",1317,"mir-301a","Homo sapiens",1226,1317,1226,1317
"CAGTGCAATGATGAAAGGGCAT",1302,"mir-130b","Homo sapiens",180,1302,180,1300
"TGAGGGGCAGAGAGCGAGACTTT",1252,"mir-423","Homo sapiens",631,1252,631,1252
"AGAGGTAGTAGGTTGCATAGTT",1180,"let-7d","Homo sapiens",769,1180,769,1177
"AGCTCGGTCTGAGGCCCCTCAGT",1163,"mir-423","Homo sapiens",623,1163,623,1163
"TCTCACACAGAAATCGCACCCGT",1055,"mir-342","Homo sapiens",0,1055,0,1055
"CAAAGTGCTTACAGTGCAGGTAG",1009,"mir-17","Homo sapiens",327,1009,327,1004
"AAAAGCTGGGTTGAGAGGGCGA",953,"mir-320a","Homo sapiens",257,953,257,938
"TAGGTAGTTTCCTGTTGTTGGG",902,"mir-196b","Homo sapiens",327,902,327,899
"TAATGCCCCTAAAAATCCTTAT",880,"mir-365a//mir-365b","Homo sapiens",520,880,0,0
"CATTATTACTTTTGGTACGCG",873,"mir-126","Homo sapiens",847,873,847,873
"AAGGAGCTCACAGTCTATTGAG",829,"mir-28","Homo sapiens",335,829,335,829
"TGTGACAGATTGATAACTGAAA",816,"mir-542","Homo sapiens",322,816,322,816
"ATCCCACCTCTGCCACCA",787,"mir-1260a","Homo sapiens",1,787,1,787
"TAGCAGCACATAATGGTTTGTG",779,"mir-15a","Homo sapiens",195,779,195,779
"TGGCAGTGTCTTAGCTGGTTGT",731,"mir-34a","Homo sapiens",356,731,356,731
"AACATTCATTGCTGTCGGTGGGT",727,"mir-181b-1//mir-181b-2","Homo sapiens",155,727,0,127
"TCACAGTGAACCGGTCTCTTT",680,"mir-128-1//mir-128-2","Homo sapiens",272,680,0,107
"TAGCAGCACATCATGGTTTACA",655,"mir-15b","Homo sapiens",545,655,545,655
"AATGACACGATCACTCCCGTTGA",634,"mir-425","Homo sapiens",38,634,38,634
"CATGCCTTGAGTGTAGGACCGT",612,"mir-532","Homo sapiens",268,612,268,612
"GCCCCTGGGCCTATCCTAGAA",606,"mir-331","Homo sapiens",106,606,106,606
"TGAGGTAGGAGGTTGTATAGTT",587,"let-7e","Homo sapiens",333,587,333,551
"ATCAACAGACATTAATTGGGCGC",576,"mir-421","Homo sapiens",126,576,126,576
"TGTGCAAATCCATGCAAAACTGA",563,"mir-19b-1//mir-19b-2","Homo sapiens",225,563,0,20
"ATGCACCTGGGCAAGGATTCTG",547,"mir-500a","Homo sapiens",1,547,1,547
"AGCAGCATTGTACAGGGCTATCA",534,"mir-107","Homo sapiens",43,534,43,419
"TAAAGTGCTTATAGTGCAGGTAG",523,"mir-20a","Homo sapiens",166,523,166,523
"AACTGGCCTACAAAGTCCCAGT",520,"mir-193a","Homo sapiens",454,520,454,520
"ACGCCCTTCCCCCCCTTCTTCA",510,"mir-1249","Homo sapiens",155,510,155,510
"TTATCAGAATCTCCAGGGGTAC",491,"mir-361","Homo sapiens",329,491,329,491
"TCGGATCCGTCTGAGCTTGGCT",485,"mir-127","Homo sapiens",297,485,297,485
"TAAAGTGCTGACAGTGCAGAT",483,"mir-106b","Homo sapiens",284,483,284,483
"TGCGGGGCTAGGGCTAACAGCA",478,"mir-744","Homo sapiens",163,478,163,478
"CTATACGACCTGCTGCCTTTCT",471,"let-7d","Homo sapiens",286,471,286,471
"CCGCACTGTGGGTACTTGCTGC",448,"mir-106b","Homo sapiens",25,448,25,448
"CACGCTCATGCACACACCCACA",443,"mir-574","Homo sapiens",211,443,211,443
"TTTTGCGATGTGTTCCTAATAT",433,"mir-450a-1//mir-450a-2","Homo sapiens",184,433,0,7
"ACTCGGCGTGGCGTCGGTCGTG",430,"mir-1307","Homo sapiens",30,430,30,430
"AATGGATTTTTGGAGCAGG",418,"mir-1246","Homo sapiens",73,418,73,418
"AAAGTTCTGAGACACTCCGACT",392,"mir-148a","Homo sapiens",362,392,362,392
"TCAGGCTCAGTCCCCTCCCGAT",387,"mir-484","Homo sapiens",132,387,132,387
"CTTTCAGTCGGATGTTTACAGC",342,"mir-30e","Homo sapiens",171,342,171,331
"CTTTCAGTCGGATGTTTGCAGC",332,"mir-30a","Homo sapiens",168,332,168,319
"TAGGTAGTTTCATGTTGTTGGG",327,"mir-196a-1//mir-196a-2","Homo sapiens",122,327,0,56
"TTATAATACAACCTGATAAGTG",316,"mir-374a","Homo sapiens",111,316,111,316
"AACTGTTTGCAGAGGAAACTGA",314,"mir-452","Homo sapiens",33,314,33,314
"CAGCAGCAATTCATGTTTTGAA",299,"mir-424","Homo sapiens",62,299,62,299
"TAGCACCATTTGAAATCAGTGTT",296,"mir-29b-1//mir-29b-2","Homo sapiens",267,296,0,4
"TGGCCCTGACTGAAGACCAGCAGT",296,"mir-1291","Homo sapiens",0,296,0,296
"CGAATCATTATTTGCTGCTCTA",292,"mir-15b","Homo sapiens",19,292,19,292
"CTATACAACCTACTGCCTTCCC",275,"let-7b","Homo sapiens",0,275,0,274
"ACCATCGACCGTTGATTGTACC",271,"mir-181a-1","Homo sapiens",197,271,197,271
"TAAGGTGCATCTAGTGCAGATAG",267,"mir-18a","Homo sapiens",77,267,77,267
"TTCACCACCTTCTCCACCCAGC",256,"mir-197","Homo sapiens",149,256,149,256
"CAGTGCAATGATATTGTCAAAGC",252,"mir-301b","Homo sapiens",232,252,232,252
"TAGCACCATTTGAAATCGGTTA",243,"mir-29c","Homo sapiens",123,243,123,231
"TCAGTGCATGACAGAACTTGG",236,"mir-152","Homo sapiens",66,236,66,236
"CTTGGCACCTAGCAAGCACTCA",233,"mir-1271","Homo sapiens",0,233,0,233
"GCCCTGAACGAGGGGTCTGGAG",222,"mir-345","Homo sapiens",0,222,0,222
"TCCCTGTCCTCCAGGAGCTCACG",221,"mir-339","Homo sapiens",1,221,1,221
"ACCACTGACCGTTGACTGTACC",214,"mir-181a-2","Homo sapiens",2,214,2,214
"CAAGTCACTAGTGGTTCCGTT",214,"mir-224","Homo sapiens",30,214,30,214
"TCCGAGCCTGGGTCTCCCTCTT",203,"mir-615","Homo sapiens",21,203,21,203
"TGCCTACTGAGCTGAAACACAG",203,"mir-24-2","Homo sapiens",0,203,0,203
"CTTATCAGATTGTATTGTAATT",200,"mir-374a","Homo sapiens",2,200,2,200
"CTATACAATCTACTGTCTTTC",196,"let-7a-1//let-7a-3","Homo sapiens",55,196,0,0
"TATTGCACATTACTAAGTTGCA",196,"mir-32","Homo sapiens",0,196,0,196
"GTGCATTGCTGTTGCATTGC",192,"mir-33b","Homo sapiens",1,192,1,192
"AGACCCTGGTCTGCACTCTATC",178,"mir-504","Homo sapiens",0,178,0,178
"TGGACGGAGAACTGATAAGGGT",178,"mir-184","Homo sapiens",69,178,69,178
"AAGTTCTGTTATACACTCAGGC",171,"mir-148b","Homo sapiens",5,171,5,171
"ACTGGACTAGGAGTCAGAAGG",171,"mir-378i","Homo sapiens",0,171,0,171
"TGTGCAAATCTATGCAAAACTGA",171,"mir-19a","Homo sapiens",86,171,86,169
"TAATACTGCCTGGTAATGATGA",165,"mir-200b","Homo sapiens",1,165,1,165
"TATGTGCCTTTGGACTACATCG",165,"mir-455","Homo sapiens",118,165,118,165
"GCAGTCCATGGGCATATACAC",160,"mir-455","Homo sapiens",1,160,1,160
"TGTAACAGCAACTCCATGTGGA",158,"mir-194-1//mir-194-2","Homo sapiens",95,158,0,18
"TAGCAGCACAGAAATATTGGC",153,"mir-195","Homo sapiens",83,153,83,153
"CTTTCAGTCAGATGTTTGCTGC",150,"mir-30d","Homo sapiens",56,150,56,149
"TGTTGTACTTTTTTTTTTGTTC",149,"mir-3613","Homo sapiens",87,149,87,149
"TGAGGCGGGGGGGCGAGC",146,"mir-6087","Homo sapiens",14,146,14,146
"ATATAATACAACCTGCTAAGTG",144,"mir-374b","Homo sapiens",27,144,27,144
"CAAATTCGTATCTAGGGGAATA",129,"mir-10a","Homo sapiens",0,129,0,129
"ACTGGACTTGGAGTCAGAAA",126,"mir-378d-2","Homo sapiens",11,126,11,125
"TGAGTGTGTGTGTGTGAGTGTGT",125,"mir-574","Homo sapiens",20,125,20,125
"ACAGTAGTCTGCACATTGGTTA",123,"mir-199a-1//mir-199a-2//mir-199b","Homo sapiens",12,123,0,1
"ATCCCACCACTGCCACCAT",122,"mir-1260b","Homo sapiens",5,122,5,122
"CATAAAGTAGAAAGCACTACT",122,"mir-142","Homo sapiens",83,122,83,122
"TAGTGCAATATTGCTTATAGGGT",122,"mir-454","Homo sapiens",40,122,40,122
"TTTGGCACTAGCACATTTTTGCT",119,"mir-96","Homo sapiens",100,119,100,119
"CTTTTTGCGGTCTGGGCTTGC",118,"mir-129-1//mir-129-2","Homo sapiens",63,118,0,0
"TCCAGCATCAGTGATTTTGTTG",116,"mir-338","Homo sapiens",32,116,32,116
"CTCCTGACTCCAGGTCCTGTGT",114,"mir-378a","Homo sapiens",86,114,86,114
"TGGAAGACTAGTGATTTTGTTGT",113,"mir-7-1//mir-7-2//mir-7-3","Homo sapiens",33,113,0,2
"ATAAAGCTAGATAACCGAAAGT",112,"mir-9-1//mir-9-2//mir-9-3","Homo sapiens",51,112,0,0
"CCCCGGGGAGCCCGGCG",103,"mir-4532","Homo sapiens",0,103,0,103
"CAGTGGTTTTACCCTATGGTAG",100,"mir-140","Homo sapiens",53,100,53,100
"TCCCCCAGGTGTGATTCTGATTT",100,"mir-361","Homo sapiens",8,100,8,100
"CTGCCCTGGCCCGAGGGACCGA",98,"mir-874","Homo sapiens",11,98,11,98
"TGCTATGCCAACATATTGCCAT",96,"mir-31","Homo sapiens",7,96,7,96
"CTAGGTATGGTCCCAGGGATCC",94,"mir-331","Homo sapiens",0,94,0,94
"GGGGCTGGGCGCGCGCC",93,"mir-4492","Homo sapiens",0,93,0,93
"CTGCGCAAGCTACTGCCTTGCT",91,"let-7i","Homo sapiens",48,91,48,91
"GGATCCGAGTCACGGCACCA",91,"mir-4454","Homo sapiens",0,91,0,91
"TCTGGCTCCGTGTCTTCACTCCC",91,"mir-149","Homo sapiens",8,91,8,91
"GTTCCTGCTGAACTGAGCCAG",86,"mir-3074","Homo sapiens",0,86,0,86
"ACGGGTTAGGCTCTTGGGAGCT",83,"mir-125b-1","Homo sapiens",44,83,44,83
"TTCAACGGGTATTTATTGAGCA",83,"mir-95","Homo sapiens",11,83,11,83
"CAGCAGCACACTGTGGTTTGT",81,"mir-497","Homo sapiens",33,81,33,81
"CCACCTCCCCTGCAAACGTCCA",81,"mir-1306","Homo sapiens",24,81,24,81
"AGAGCTTAGCTGATTGGTGAAC",75,"mir-27b","Homo sapiens",53,75,53,75
"TCGGGGATCATCATGTCACGAGA",75,"mir-542","Homo sapiens",48,75,48,75
"TGAGGTAGTAGGTTGTATGGTT",74,"let-7c","Homo sapiens",8,74,8,11
"ACTGCAGTGAAGGCACTTGTAG",73,"mir-17","Homo sapiens",6,73,6,73
"GTGCATTGTAGTTGCATTGCA",70,"mir-33a","Homo sapiens",11,70,11,70
"TCCATTACACTACCCTGCCTCT",67,"mir-885","Homo sapiens",48,67,48,67
"TGAGAACTGAATTCCATAGGCT",64,"mir-146b","Homo sapiens",1,64,1,61
"CTGGCCCTCTCTGCCCTTCCGT",60,"mir-328","Homo sapiens",20,60,20,60
"ACTCTTTCCCTGTTGCACTAC",57,"mir-130b","Homo sapiens",3,57,3,57
"TTCCCAGCCAACGCACCA",56,"mir-7977","Homo sapiens",0,56,0,56
"CTCCTGGGGCCCGCACTCTCGC",53,"mir-1343","Homo sapiens",8,53,8,53
"TCCGGTTCTCAGGGCTCCACC",53,"mir-671","Homo sapiens",23,53,23,53
"ATCGGGAATGTCGTGTCCGCCC",52,"mir-425","Homo sapiens",1,52,1,52
"ACCTGGCATACAATGTAGATTT",51,"mir-221","Homo sapiens",3,51,3,51
"CGTCAACACTTGCTGGTTTCCT",51,"mir-505","Homo sapiens",15,51,15,51
"AAGCCCTTACCCCAAAAAGCAT",49,"mir-129-2","Homo sapiens",31,49,31,49
"AGCCCCTGCCCACCGCACACTG",49,"mir-210","Homo sapiens",0,49,0,49
"TGGAGAGAAAGGCAGTTCCTGA",47,"mir-185","Homo sapiens",29,47,29,47
"TAGTAGACCGTATAGCGTACG",46,"mir-411","Homo sapiens",26,46,26,46
"TCACAAGTCAGGCTCTTGGGAC",46,"mir-125b-2","Homo sapiens",0,46,0,46
"CTGGGAGAAGGCTGTTTACTCT",40,"mir-30c-2","Homo sapiens",18,40,18,40
"CCCAGTGTTCAGACTACCTGTTC",39,"mir-199a-1//mir-199a-2","Homo sapiens",11,39,0,0
"CAAGCTCGTGTCTGTGGGTCCG",38,"mir-99b","Homo sapiens",0,38,0,38
"TAACAGTCTACAGCCATGGTCG",38,"mir-132","Homo sapiens",26,38,26,38
"TTTGTTCGTTCGGCTCGCGTGA",38,"mir-375","Homo sapiens",32,38,32,38
"CTATACAATCTATTGCCTTCCC",37,"let-7f-1","Homo sapiens",0,37,0,37
"TCCGTCTCAGTTACTTTATAGC",36,"mir-340","Homo sapiens",4,36,4,36
"TCTCTGGGCCTGTGTCTTAGGC",36,"mir-330","Homo sapiens",2,36,2,36
"ACTGATTTCTTTTGGTGTTCAG",35,"mir-29a","Homo sapiens",3,35,3,35
"CAACAAATCACAGTCTGCCATA",35,"mir-7-1","Homo sapiens",18,35,18,35
"CGCATCCCCTAGGGCATTGGTGT",34,"mir-324","Homo sapiens",19,34,19,34
"AATGGCGCCACTAGGGTTGTG",33,"mir-652","Homo sapiens",3,33,3,33
"AGTGGGGAACCCTTCCATGAGG",32,"mir-491","Homo sapiens",9,32,9,32
"TGGCAGTGTATTGTTAGCTGGT",32,"mir-449a","Homo sapiens",20,32,20,32
"ACCCCACTCCTGGTACC",31,"mir-4286","Homo sapiens",0,31,0,31
"CAATGTTTCCACAGTGCATCAC",31,"mir-33a","Homo sapiens",0,31,0,31
"CTTATGCAAGATTCCCTTCTAC",30,"mir-491","Homo sapiens",8,30,8,30
"TGATATGTTTGATATATTAGGT",30,"mir-190a","Homo sapiens",2,30,2,30
"TTTTTCATTATTGCTCCTGACC",30,"mir-335","Homo sapiens",8,30,8,30
"CCAGTATTAACTGTGCTGCTGA",29,"mir-16-1","Homo sapiens",2,29,2,29
"GTAGAGGAGATGGCGCAGGG",28,"mir-877","Homo sapiens",6,28,6,28
"AAAAGCTGGGTTGAGAGGGCAA",27,"mir-320b-1//mir-320b-2","Homo sapiens",0,27,0,0
"TCGTACCGTGAGTAATAATGCG",27,"mir-126","Homo sapiens",6,27,6,27
"ATGACCTATGAATTGACAGAC",26,"mir-215","Homo sapiens",6,26,6,21
"CAAAACGTGAGGCGCTGCTAT",25,"mir-424","Homo sapiens",5,25,5,25
"GCTGACTCCTAGTCCAGGGCTC",25,"mir-345","Homo sapiens",0,25,0,25
"GTGAATTACCGAAGGGCCATAA",25,"mir-183","Homo sapiens",0,25,0,25
"TCGAGGAGCTCACAGTCT",25,"mir-151b","Homo sapiens",25,25,25,25
"ACAAAAAAAAAAGCCCAACCCTTC",24,"mir-3613","Homo sapiens",0,24,0,24
"GCGGGGCTGGGCGCGCG",24,"mir-4508","Homo sapiens",0,24,0,24
"ACTGCCCCAGGTGCTGCTGG",23,"mir-324","Homo sapiens",1,23,1,23
"ACTGGACTTGGAGCCAGAAG",23,"mir-378f","Homo sapiens",0,23,0,23
"AGGTTCTGTGATACACTCCGACT",22,"mir-152","Homo sapiens",19,22,19,22
"CCTCCCACACCCAAGGCTTGCA",22,"mir-532","Homo sapiens",6,22,6,22
"TAGCAGCGGGAACAGTTCTGCAG",22,"mir-503","Homo sapiens",0,22,0,22
"AACATTCAACCTGTCGGTGAGT",21,"mir-181c","Homo sapiens",5,21,5,21
"GCTGCGCTTGGATTTCGTCCCC",21,"mir-191","Homo sapiens",0,21,0,21
"TAACTGGTTGAACAACTGAACC",21,"mir-582","Homo sapiens",0,21,0,21
"TTGTGTCAATATGCGATGATGT",21,"mir-592","Homo sapiens",9,21,9,21
"ACAGATTCGATTCTAGGGGAAT",20,"mir-10b","Homo sapiens",10,20,10,20
"CAATTTAGTGTGTGTGATATTT",20,"mir-32","Homo sapiens",0,20,0,20
"CATCCCTTGCATGGTGGAGGG",20,"mir-188","Homo sapiens",1,20,1,20
"TATACAAGGGCAAGCTCTCTGT",20,"mir-381","Homo sapiens",18,20,18,20
"TTACAGTTGTTCAACCAGTTACT",20,"mir-582","Homo sapiens",5,20,5,20
"AGGAAGCCCTGGAGGGGCTGGAG",19,"mir-671","Homo sapiens",3,19,3,19
"CGGCAACAAGAAACTGCCTGAG",19,"mir-196a-2","Homo sapiens",0,19,0,19
"CTTAGCAGGTTGTATTATCATT",19,"mir-374b","Homo sapiens",0,19,0,19
"ACTGGACTTGGAGTCAGAAGAGTGG",18,"mir-378c","Homo sapiens",0,18,0,18
"AGCTGGTGTTGTGAATCAGGCCG",18,"mir-138-2//mir-138-1","Homo sapiens",15,18,0,0
"CAATCAGCAAGTATACTGCCCT",18,"mir-34a","Homo sapiens",6,18,6,18
"GAATGTTGCTCGGTGAACCCCT",18,"mir-409","Homo sapiens",10,18,10,18
"TATGTCTGCTGACCATCACCTT",18,"mir-654","Homo sapiens",0,18,0,18
"TCAGTAAATGTTTATTAGATGA",18,"mir-545","Homo sapiens",0,18,0,18
"TGGGTCTTTGCGGGCGAGATGA",18,"mir-193a","Homo sapiens",12,18,12,18
"AGTTCTTCAGTGGCAAGCTTTA",17,"mir-22","Homo sapiens",4,17,4,17
"CTATACAGTCTACTGTCTTTCC",17,"let-7f-2","Homo sapiens",0,17,0,17
"GTGTGCGGAAATGCTTCTGCTA",17,"mir-147b","Homo sapiens",7,17,7,17
"ACCCTATCAATATTGTCTCTGC",16,"mir-454","Homo sapiens",0,16,0,16
"CATAGCCCGGTCGCTGGTACATGA",16,"mir-3651","Homo sapiens",0,16,0,16
"TATAGGGATTGGAGCCGTGGCG",16,"mir-135a-1","Homo sapiens",0,16,0,16
"TGACCGATTTCTCCTGGTGTTC",16,"mir-29c","Homo sapiens",1,16,1,16
"AATATAACACAGATGGCCTGT",15,"mir-410","Homo sapiens",13,15,13,15
"CCTATTCTTGATTACTTGTTTC",15,"mir-26a-2","Homo sapiens",9,15,9,15
"TATGGCTTTTTATTCCTATGTGA",15,"mir-135a-1//mir-135a-2","Homo sapiens",13,15,0,1
"AACCCGTAGATCCGATCTTGTG",14,"mir-99a","Homo sapiens",12,14,12,13
"ACTGCCCTAAGTGCTCCTTCTGG",14,"mir-18a","Homo sapiens",1,14,1,14
"TAATACTGTCTGGTAAAACCGT",14,"mir-429","Homo sapiens",0,14,0,14
"TCAGCAAACATTTATTGTGTGC",14,"mir-545","Homo sapiens",0,14,0,14
"TGTCTGCCCGCATGCCTGCCTCT",14,"mir-346","Homo sapiens",8,14,8,14
"CGGGGCCGTAGCACTGTCTGAGA",12,"mir-128-1","Homo sapiens",9,12,9,12
"CTATACAACTTACTACTTTCCC",12,"mir-98","Homo sapiens",0,12,0,12
"TGATATGTTTGATATTGGGTT",12,"mir-190b","Homo sapiens",0,12,0,12
"ACAGGTGAGGTTCTTGGGAGCC",11,"mir-125a","Homo sapiens",3,11,3,11
"AGTGCCTGCTATGTGCCAGGCA",11,"mir-1271","Homo sapiens",0,11,0,11
"TAACACTGTCTGGTAACGATGT",11,"mir-200a","Homo sapiens",1,11,1,11
"TGAGAACTGAATTCCATGGGTT",11,"mir-146a","Homo sapiens",1,11,1,6
"TTCATTTGCCTCCCAGCCTACA",11,"mir-664b","Homo sapiens",0,11,0,11
"CTGTACAGGCCACTGCCTTGC",10,"let-7g","Homo sapiens",3,10,3,10
"TAACGGCCGCGGTACCCTAA",10,"mir-4485","Homo sapiens",0,10,0,10
"TCTACAGTGCACGTGTCTCCAGT",10,"mir-139","Homo sapiens",6,10,6,10
"TCTAGTAAGAGTGGCAGTCGA",10,"mir-628","Homo sapiens",4,10,4,10
"TGCCTACTGAGCTGATATCAGT",10,"mir-24-1","Homo sapiens",1,10,1,10
"TTCCCTTTGTCATCCTATGCCT",10,"mir-204","Homo sapiens",6,10,6,7
"AACAATATCCTGGTGCTGAGTG",9,"mir-338","Homo sapiens",0,9,0,9
"AACCATCGACCGTTGAGTGGAC",9,"mir-181c","Homo sapiens",0,9,0,9
"AATCCTTGGAACCTAGGTGTGAGT",9,"mir-362","Homo sapiens",5,9,5,9
"CAACTAGACTGTGAGCTTCTAG",9,"mir-708","Homo sapiens",0,9,0,9
"CTATACGGCCTCCTAGCTTTCC",9,"let-7e","Homo sapiens",3,9,3,9
"CTGGGATCTCCGGGGTCTTGGTT",9,"mir-769","Homo sapiens",0,9,0,9
"TCGACAGCACGACACTGCCTTC",9,"mir-196b","Homo sapiens",2,9,2,9
"CATCATCGTCTCAAATGAGTCT",8,"mir-136","Homo sapiens",8,8,8,8
"CGGGGTTTTGAGGGCGAGATGA",8,"mir-193b","Homo sapiens",3,8,3,8
"CTATATATCAAACATATTCCT",8,"mir-190a","Homo sapiens",4,8,4,8
"AAAAGTGCTTACAGTGCAGGTAG",7,"mir-106a","Homo sapiens",0,7,0,0
"ACGTTGGCTCTGGTGGTG",7,"mir-1306","Homo sapiens",0,7,0,7
"ACTGCATTATGAGCACTTAAAG",7,"mir-20a","Homo sapiens",0,7,0,7
"AGGCAGTGTATTGTTAGCTGGC",7,"mir-449b","Homo sapiens",2,7,2,7
"AGGGACTTTCAGGGGCAGCTGT",7,"mir-365b","Homo sapiens",0,7,0,7
"ATCCCCAGATACAATGGACAA",7,"mir-2355","Homo sapiens",0,7,0,7
"ATTGTCCTTGCTGTTTGGAGAT",7,"mir-2355","Homo sapiens",1,7,1,7
"CAAGCTTGTATCTATAGGTATG",7,"mir-100","Homo sapiens",4,7,4,7
"CCAATATTACTGTGCTGCTTTA",7,"mir-16-2","Homo sapiens",0,7,0,7
"CTGGGAGAGGGTTGTTTACTCC",7,"mir-30c-1","Homo sapiens",2,7,2,7
"GTCCAGTTTTCCCAGGAATCCCT",7,"mir-145","Homo sapiens",6,7,6,7
"AACATTCATTGTTGTCGGTGGGT",6,"mir-181d","Homo sapiens",2,6,2,5
"ACTGGACTTAGGGTCAGAAGGC",6,"mir-422a","Homo sapiens",0,6,0,6
"AGGCAGTGTAGTTAGCTGATTGC",6,"mir-34c","Homo sapiens",5,6,5,6
"ATGCTGACATATTTACTAGAGG",6,"mir-628","Homo sapiens",5,6,5,6
"GATATCAGCTCAGTAGGCACCG",6,"mir-3074","Homo sapiens",2,6,2,6
"GCAAAGCACACGGCCTGCAGAGA",6,"mir-330","Homo sapiens",0,6,0,6
"TAACACTGTCTGGTAAAGATGG",6,"mir-141","Homo sapiens",0,6,0,6
"TAATACTGCCGGGTAATGATGGA",6,"mir-200c","Homo sapiens",3,6,3,6
"TAATCCTTGCTACCTGGGTGAGA",6,"mir-500a","Homo sapiens",0,6,0,6
"TTAGGGCCCTGGCTCCATCTCC",6,"mir-1296","Homo sapiens",1,6,1,6
"ACAGCAGGCACAGACAGGCAGT",5,"mir-214","Homo sapiens",2,5,2,5
"ACTGCTGAGCTAGCACTTCCCG",5,"mir-93","Homo sapiens",0,5,0,5
"AGGCGGAGACTTGGGCAATTG",5,"mir-25","Homo sapiens",2,5,2,5
"AGGGCTTAGCTGCTTGTGAGCA",5,"mir-27a","Homo sapiens",2,5,2,5
"CCTATTCTTGGTTACTTGCACG",5,"mir-26a-1","Homo sapiens",0,5,0,5
"CCTGTTCTCCATTACTTGGCTC",5,"mir-26b","Homo sapiens",2,5,2,5
"CGGCCCCACGCACCAGGGTAAGA",5,"mir-874","Homo sapiens",1,5,1,5
"GGATTCCTGGAAATACTGTTCT",5,"mir-145","Homo sapiens",1,5,1,5
"GGGGGTCCCCGGTGCTCGGATC",5,"mir-615","Homo sapiens",2,5,2,5
"TGTAGTGTTTCCTACTTTATGGA",5,"mir-142","Homo sapiens",1,5,1,5
"TTCCCTTTGTCATCCTTCGCCT",5,"mir-211","Homo sapiens",0,5,0,0
"TTGTACATGGTAGGCTTTCATT",5,"mir-493","Homo sapiens",5,5,5,5
"AAAAGCTGGGTTGAGAGGGT",4,"mir-320c-1//mir-320c-2","Homo sapiens",0,4,0,1
"AACACACCTATTCAAGGATTCA",4,"mir-362","Homo sapiens",2,4,2,4
"AGAATTGCGTTTGGACAATCAGT",4,"mir-219b","Homo sapiens",2,4,2,4
"AGAGTTGAGTCTGGACGTCCCG",4,"mir-219a-1","Homo sapiens",0,4,0,4
"AGATGTCCAGCCACAATTCTCG",4,"mir-219b","Homo sapiens",1,4,1,4
"AGGCAGCGGGGTGTAGTGGATA",4,"mir-885","Homo sapiens",0,4,0,4
"CAGTTATCACAGTGCTGATGCT",4,"mir-101-1","Homo sapiens",0,4,0,4
"CTGTTGCCACTAACCTCAACCT",4,"mir-744","Homo sapiens",0,4,0,4
"TAACAGTCTCCAGTCACGGCC",4,"mir-212","Homo sapiens",4,4,4,4
"TGAAGGTCTACTGTGTGCCAGG",4,"mir-493","Homo sapiens",0,4,0,4
"TGATTGTCCAAACGCAATTCT",4,"mir-219a-1//mir-219a-2","Homo sapiens",1,4,0,2
"TTAAGACTTGCAGTGATGTTT",4,"mir-499a","Homo sapiens",3,4,3,4
"AGGGACTTTTGGGGGCAGATGTG",3,"mir-365a","Homo sapiens",2,3,2,3
"CACCCGGCTGTGTGCACATGTGC",3,"mir-941-1//mir-941-2//mir-941-3//mir-941-4","Homo sapiens",2,3,0,0
"CAGTGCCTCGGCAGTGCAGCCC",3,"mir-33b","Homo sapiens",0,3,0,3
"CGGCTCTGGGTCTGTGGGGA",3,"mir-760","Homo sapiens",0,3,0,3
"CTCAGTAGCCAGTGTAGATCCT",3,"mir-222","Homo sapiens",0,3,0,3
"CTCCTACATATTAGCATTAACA",3,"mir-155","Homo sapiens",0,3,0,3
"CTGCCAATTCCATAGGTCACAG",3,"mir-192","Homo sapiens",0,3,0,3
"CTGGGAGGTGGATGTTTACTTC",3,"mir-30b","Homo sapiens",2,3,2,3
"GCCTGCTGGGGTGGAACCTGGT",3,"mir-370","Homo sapiens",2,3,2,3
"TCAACAAAATCACTGATGCTGGA",3,"mir-3065","Homo sapiens",0,3,0,3
"TGGTAGACTATGGAACGTAGG",3,"mir-379","Homo sapiens",2,3,2,3
"TGTCTTGCAGGCCGTCATGCA",3,"mir-431","Homo sapiens",0,3,0,3
"TGTGACTGGTTGACCAGAGGGG",3,"mir-134","Homo sapiens",2,3,2,3
"TTAATATCGGACAACCATTGT",3,"mir-889","Homo sapiens",2,3,2,3
"TTTGGTCCCCTTCAACCAGCTG",3,"mir-133a-1//mir-133a-2","Homo sapiens",0,3,0,0
"AAAAGCTGGGTTGAGAGGA",2,"mir-320d-1//mir-320d-2","Homo sapiens",0,2,0,0
"AAGGAGCTTACAATCTAGCTGGG",2,"mir-708","Homo sapiens",2,2,2,2
"AATAATACATGGTTGATCTTT",2,"mir-369","Homo sapiens",1,2,1,2
"AATAGCTCAGAATGTCAGTTCTG",2,"mir-7705","Homo sapiens",0,2,0,2
"ACCGTGCAAAGGTAGCATA",2,"mir-1973","Homo sapiens",0,2,0,2
"ACTCCATTTGTTTTGATGATGGA",2,"mir-136","Homo sapiens",0,2,0,2
"ACTGGACTTGGTGTCAGATGG",2,"mir-378h","Homo sapiens",0,2,0,0
"ACTGGGCTTGGAGTCAGAAG",2,"mir-378g","Homo sapiens",0,2,0,2
"AGATCGACCGTGTTATATTCGC",2,"mir-369","Homo sapiens",0,2,0,2
"AGCTTCTTTACAGTGCTGCCTTG",2,"mir-103a-2","Homo sapiens",1,2,1,2
"AGGGACGGGACGCGGTGCAGTG",2,"mir-92b","Homo sapiens",0,2,0,2
"AGGGGCTGGCTTTCCTCTGGTC",2,"mir-185","Homo sapiens",0,2,0,2
"AGGGGTGCTATCTGTGATTGA",2,"mir-342","Homo sapiens",0,2,0,2
"ATAATACATGGTTAACCTCTTT",2,"mir-655","Homo sapiens",2,2,2,2
"ATCACACAAAGGCAACTTTTGT",2,"mir-377","Homo sapiens",0,2,0,2
"ATCACATTGCCAGTGATTACCC",2,"mir-23c","Homo sapiens",0,2,0,2
"ATTGGGGACATTTTGCATTCAT",2,"mir-450a-2","Homo sapiens",0,2,0,2
"CAAGCTCGCTTCTATGGGTCTG",2,"mir-99a","Homo sapiens",0,2,0,2
"CAGGCCATATTGTGCTGCCTCA",2,"mir-15a","Homo sapiens",0,2,0,2
"CGGTGAGCGCTCGCTGGC",2,"mir-4792","Homo sapiens",0,2,0,2
"CTAAGAAGTTGACTGAAG",2,"mir-3653","Homo sapiens",1,2,1,2
"CTCCCACATGCAGGGTTTGCA",2,"mir-188","Homo sapiens",2,2,2,2
"CTGTACAGCCTCCTAGCTTTCC",2,"let-7a-2","Homo sapiens",1,2,1,2
"GACCGAGAGGGCCTCGGCTGT",2,"mir-4523","Homo sapiens",1,2,1,2
"GAGTGGGGCTTCGACCCTAACC",2,"mir-1296","Homo sapiens",0,2,0,2
"GCCCAAAGGTGAATTTTTTGGG",2,"mir-186","Homo sapiens",1,2,1,2
"GCTCTGACTTTATTGCACTACT",2,"mir-301a","Homo sapiens",2,2,2,2
"GGCTCCTTGGTCTAGGGGTA",2,"mir-4448","Homo sapiens",0,2,0,2
"TATGTAACATGGTCCACTAACT",2,"mir-379","Homo sapiens",0,2,0,2
"TCAAGAGCAATAACGAAAAATGT",2,"mir-335","Homo sapiens",0,2,0,2
"TGGTTCTAGACTTGCCAACTA",2,"mir-182","Homo sapiens",0,2,0,2
"TTGATCTCGGAAGCTAAGC",2,"mir-7641-1//mir-7641-2","Homo sapiens",0,2,0,0
"TTGCATAGTCACAAAAGTGATC",2,"mir-153-1//mir-153-2","Homo sapiens",2,2,0,0
"TTGGGGAAACGGCCGCTGAGTG",2,"mir-2110","Homo sapiens",0,2,0,2
"AAAATGGTGCCCTAGTGACTACA",1,"mir-224","Homo sapiens",0,1,0,1
"AACATAGAGGAAATTCCACGT",1,"mir-376c","Homo sapiens",1,1,1,1
"AAGGGCTTCCTCTCTGCAGGAC",1,"mir-3158-1//mir-3158-2","Homo sapiens",1,1,0,0
"AATGCACCCGGGCAAGGATTCT",1,"mir-501","Homo sapiens",0,1,0,1
"ACCAGGAGGCTGAGGCCCCT",1,"mir-665","Homo sapiens",0,1,0,1
"ACCTCCTGTGTGCATGGATTA",1,"mir-660","Homo sapiens",0,1,0,1
"ACCTTGGCTCTAGACTGCTTACT",1,"mir-212","Homo sapiens",1,1,1,1
"ACGGCCCAGGCGGCATTGGTG",1,"mir-6075","Homo sapiens",0,1,0,1
"ACTGGACTTGGAGGCAGAA",1,"mir-378b","Homo sapiens",0,1,0,1
"ACTGTAAACGCTTTCTGATG",1,"mir-3607","Homo sapiens",0,1,0,1
"AGCGCGGGCTGAGCGCTGCCAGTC",1,"mir-2277","Homo sapiens",0,1,0,1
"AGGTTGGGATCGGTTGCAATGCT",1,"mir-92a-1","Homo sapiens",1,1,1,1
"ATCATACAAGGACAATTTCTTT",1,"mir-539","Homo sapiens",1,1,1,1
"ATCATGATGGGCTCCTCGGTGT",1,"mir-433","Homo sapiens",1,1,1,1
"ATCATGTATGATACTGCAAACA",1,"mir-6516","Homo sapiens",0,1,0,1
"ATCCTTGCTATCTGGGTGCTA",1,"mir-502","Homo sapiens",0,1,0,1
"CAACCTGGAGGACTCCATGCTG",1,"mir-490","Homo sapiens",0,1,0,1
"CAGGGCAGGGAAGGTGGGAGAG",1,"mir-6879","Homo sapiens",0,1,0,1
"CAGTAACAAAGATTCATCCTTGT",1,"mir-802","Homo sapiens",0,1,0,1
"CATCTTACCGGACAGTGCTGGA",1,"mir-200a","Homo sapiens",0,1,0,1
"CATCTTACTGGGCAGCATTGGA",1,"mir-200b","Homo sapiens",0,1,0,1
"CCAGTCCTGTGCCTGCCGCCT",1,"mir-1910","Homo sapiens",0,1,0,1
"CGGGGTCGGCGGCGACGTG",1,"mir-7704","Homo sapiens",0,1,0,1
"CGTGGAGGACGAGGAGGAGGC",1,"mir-7847","Homo sapiens",0,1,0,1
"CTGAAGCTCAGAGGGCTCTGAT",1,"mir-127","Homo sapiens",0,1,0,1
"GAACGGCTTCATACAGGAGTT",1,"mir-337","Homo sapiens",1,1,1,1
"GAAGTTGTTCGTGGTGGATTCG",1,"mir-382","Homo sapiens",1,1,1,1
"GCTACTTCACAACACCAGGGCC",1,"mir-138-1","Homo sapiens",0,1,0,1
"GGGAGCCAGGAAGTATTGATGT",1,"mir-505","Homo sapiens",0,1,0,1
"GTCATACACGGCTCTCCTCTCT",1,"mir-485","Homo sapiens",1,1,1,1
"GTGAAATGTTTAGGACCACTAG",1,"mir-203a","Homo sapiens",0,1,0,1
"GTGAACGGGCGCCATCCCGAGG",1,"mir-887","Homo sapiens",0,1,0,1
"TAACATAATAGTGTGGATTGA",1,"mir-4803","Homo sapiens",0,1,0,1
"TACGTAGATATATATGTATTTT",1,"mir-1277","Homo sapiens",1,1,1,1
"TAGGTTATCCGTGTTGCCTTCG",1,"mir-154","Homo sapiens",1,1,1,1
"TATGTAACACGGTCCACTAACC",1,"mir-411","Homo sapiens",0,1,0,1
"TCCTCTTCTCCCTCCTCCCAG",1,"mir-877","Homo sapiens",0,1,0,1
"TCTATACAGACCCTGGCTTTTC",1,"mir-1284","Homo sapiens",0,1,0,1
"TCTTGGAGTAGGTCATTGGGTGG",1,"mir-432","Homo sapiens",1,1,1,1
"TGAAGCGCCTGTGCTCTGCCGAGA",1,"mir-7706","Homo sapiens",1,1,1,1
"TGAGAACCACGTCTGCTCTGAG",1,"mir-589","Homo sapiens",0,1,0,1
"TGAGTATTACATGGCCAATCTC",1,"mir-496","Homo sapiens",0,1,0,1
"TGGAGACGCGGCCCTGTTGGAGT",1,"mir-139","Homo sapiens",1,1,1,1
"TGTCCTCTAGGGCCTGCAGTCT",1,"mir-3909","Homo sapiens",0,1,0,1
"TTAATTTTTTGTTTCGGTCACT",1,"mir-4775","Homo sapiens",1,1,1,1
"TTATGGTTTGCCTGGGACTGAG",1,"mir-584","Homo sapiens",0,1,0,1
"TTCAGATCCCAGCGGTGCCTCT",1,"mir-5100","Homo sapiens",0,1,0,1
"TTGGAGGCGTGGGTTTT",1,"mir-4443","Homo sapiens",0,1,0,1
"TTGGGATCATTTTGCATCCATA",1,"mir-450b","Homo sapiens",0,1,0,1
"TTGTGCTTGATCTAACCATGT",1,"mir-218-1//mir-218-2","Homo sapiens",0,1,0,0
"TTTCCGGCTCGCGTGGGTGTGT",1,"mir-1180","Homo sapiens",1,1,1,1
"TTTGTGACCTGGTCCACTAACC",1,"mir-758","Homo sapiens",0,1,0,1
