"Table  S2: The expressed miRNAs observed in MCF-7 parental cells (Top ten is highlighted)",,,,,,,
"Feature ID","Expression values","Name","Resource","Exact mature 5'","Mature 5'","Unique exact mature 5'","Unique mature 5'"
"TACCCTGTAGATCCGAATTTGTG",929530,"mir-10a","Homo sapiens",161832,929530,161832,929022
"TAGCTTATCAGACTGATGTTGA",847796,"mir-21","Homo sapiens",174414,847796,174414,847796
"TTCACAGTGGCTAAGTTCTGC",624659,"mir-27b","Homo sapiens",154374,624659,154374,623269
"TATTGCACTTGTCCCGGCCTGT",538802,"mir-92a-1//mir-92a-2","Homo sapiens",224382,538802,0,64751
"TACCCTGTAGAACCGAATTTGTG",478725,"mir-10b","Homo sapiens",55129,478725,55129,478219
"TGAGGTAGTAGGTTGTATAGTT",265802,"let-7a-1//let-7a-2//let-7a-3","Homo sapiens",202035,265802,0,2354
"CAACGGAATCCCAAAAGCAGCTG",262456,"mir-191","Homo sapiens",219280,262456,219280,262456
"TGAGGTAGTAGTTTGTGCTGTT",184942,"let-7i","Homo sapiens",145745,184942,145745,184928
"CACCCGTAGAACCGACCTTGCG",184251,"mir-99b","Homo sapiens",113228,184251,113228,184251
"TTCAAGTAATCCAGGATAGGCT",176901,"mir-26a-1//mir-26a-2","Homo sapiens",152109,176901,0,2
"AAGCTGCCAGTTGAAGAACTGT",168247,"mir-22","Homo sapiens",161297,168247,161297,168247
"TGTAAACATCCCCGACTGGAAG",149363,"mir-30d","Homo sapiens",1945,149363,1945,149329
"TGAGGTAGTAGATTGTATAGTT",148701,"let-7f-1//let-7f-2","Homo sapiens",121750,148701,0,5074
"TCAGTGCACTACAGAACTTTGT",147776,"mir-148a","Homo sapiens",88926,147776,88926,147753
"TATTGCACTCGTCCCGGCCTCC",142598,"mir-92b","Homo sapiens",51422,142598,51422,141268
"CAAAGAATTCTCCTTTTGGGCT",123834,"mir-186","Homo sapiens",52357,123834,52357,123834
"TAGCAGCACGTAAATATTGGCG",117238,"mir-16-1//mir-16-2","Homo sapiens",71683,117238,0,282
"CTCCGTTTGCCTGTTTCGCTG",111110,"mir-1468","Homo sapiens",0,111110,0,111110
"TGTAAACATCCTCGACTGGAAG",100008,"mir-30a","Homo sapiens",497,100008,497,99986
"ACTGGACTTGGAGTCAGAAGGC",98455,"mir-378a","Homo sapiens",51048,98455,51048,98455
"TCCTGTACTGAGCTGCCCCGAG",91260,"mir-486//mir-486-2","Homo sapiens",36107,91260,0,4333
"CATTGCACTTGTCTCGGTCTGA",86634,"mir-25","Homo sapiens",72127,86634,72127,86634
"CTAGACTGAAGCTCCTTGAGG",79446,"mir-151a","Homo sapiens",30471,79446,30471,79446
"TCGAGGAGCTCACAGTCTAGT",68527,"mir-151a","Homo sapiens",40980,68527,40980,68527
"TTTGGCAATGGTAGAACTCACACT",63389,"mir-182","Homo sapiens",38585,63389,38585,63389
"TCAGTGCATCACAGAACTTTGT",59394,"mir-148b","Homo sapiens",9248,59394,9248,59372
"TTCACAGTGGCTAAGTTCCGC",58179,"mir-27a","Homo sapiens",6779,58179,6779,56803
"CACTAGATTGTGAGCTCCTGGA",53745,"mir-28","Homo sapiens",4,53745,4,53745
"TGAGGTAGTAGGTTGTGTGGTT",51441,"let-7b","Homo sapiens",29507,51441,29507,50493
"AGCTACATTGTCTGCTGGGTTTC",48121,"mir-221","Homo sapiens",12334,48121,12334,48121
"AACCCGTAGATCCGAACTTGTG",44192,"mir-100","Homo sapiens",23919,44192,23919,44191
"TTAATGCTAATCGTGATAGGGGT",36742,"mir-155","Homo sapiens",6291,36742,6291,36742
"TAGCACCATCTGAAATCGGTTA",36194,"mir-29a","Homo sapiens",15917,36194,15917,35992
"TCCCTGAGACCCTTTAACCTGTGA",35240,"mir-125a","Homo sapiens",23069,35240,23069,35240
"TATGGCACTGGTAGAATTCACT",31483,"mir-183","Homo sapiens",8051,31483,8051,31483
"AGCTCGGTCTGAGGCCCCTCAGT",29995,"mir-423","Homo sapiens",18059,29995,18059,29995
"AACATTCAACGCTGTCGGTGAGT",29434,"mir-181a-2//mir-181a-1","Homo sapiens",14309,29434,0,1
"CAACACCAGTCGATGGGCTGT",26604,"mir-21","Homo sapiens",12,26604,12,26604
"TACCACAGGGTAGAACCACGG",24992,"mir-140","Homo sapiens",100,24992,100,24992
"TCCCTGAGACCCTAACTTGTGA",24117,"mir-125b-1//mir-125b-2","Homo sapiens",13704,24117,0,288
"CAAAGTGCTGTTCGTGCAGGTAG",23581,"mir-93","Homo sapiens",8742,23581,8742,23581
"CTGACCTATGAATTGACAGCC",22972,"mir-192","Homo sapiens",17346,22972,17346,22954
"ATCACATTGCCAGGGATTTCC",22099,"mir-23a","Homo sapiens",10873,22099,10873,22060
"CTTGGCACCTAGCAAGCACTCA",21905,"mir-1271","Homo sapiens",0,21905,0,21905
"TCTTTGGTTATCTAGCTGTATGA",20453,"mir-9-1//mir-9-2//mir-9-3","Homo sapiens",12598,20453,0,0
"TGTAAACATCCTACACTCTCAGC",19260,"mir-30c-2//mir-30c-1","Homo sapiens",826,19260,0,4
"TTCAAGTAATTCAGGATAGGT",17835,"mir-26b","Homo sapiens",918,17835,918,17834
"TGAGGGGCAGAGAGCGAGACTTT",17753,"mir-423","Homo sapiens",7875,17753,7875,17753
"AGCAGCATTGTACAGGGCTATGA",17700,"mir-103a-2//mir-103a-1","Homo sapiens",9731,17700,0,236
"CAGTGCAATGTTAAAAGGGCAT",17632,"mir-130a","Homo sapiens",2777,17632,2777,17628
"TGGCTCAGTTCAGCAGGAACAG",17231,"mir-24-1//mir-24-2","Homo sapiens",2243,17231,0,147
"AACTGGCCCTCAAAGTCCCGCT",16577,"mir-193b","Homo sapiens",2,16577,2,16574
"TGAGGTAGTAGTTTGTACAGTT",15929,"let-7g","Homo sapiens",13057,15929,13057,15894
"TGTAAACATCCTTGACTGGAAG",15383,"mir-30e","Homo sapiens",13,15383,13,15362
"ATCACATTGCCAGGGATTACC",15243,"mir-23b","Homo sapiens",6347,15243,6347,15205
"AGGCAAGATGCTGGCATAGCT",14165,"mir-31","Homo sapiens",1027,14165,1027,14165
"AGCTACATCTGGCTACTGGGT",13785,"mir-222","Homo sapiens",852,13785,852,13785
"TTTTGCAATATGTTCCTGAATA",12076,"mir-450b","Homo sapiens",1432,12076,1432,12076
"GCCCCTGGGCCTATCCTAGAA",11924,"mir-331","Homo sapiens",3483,11924,3483,11924
"AGAGGTAGTAGGTTGCATAGTT",11529,"let-7d","Homo sapiens",8359,11529,8359,11512
"CAGTGCAATGATGAAAGGGCAT",11408,"mir-130b","Homo sapiens",2334,11408,2334,11405
"TCACAGTGAACCGGTCTCTTT",11322,"mir-128-1//mir-128-2","Homo sapiens",6065,11322,0,1253
"TGAGACCTCTGGGTTCTGAGCT",11276,"mir-769","Homo sapiens",1,11276,1,11276
"ATCCCACCTCTGCCACCA",9835,"mir-1260a","Homo sapiens",1,9835,1,9835
"TCGACCGGACCTCGACCGGCT",9594,"mir-1307","Homo sapiens",7560,9594,7560,9594
"TACCCATTGCATATCGGAGTTG",9389,"mir-660","Homo sapiens",4,9389,4,9389
"ACCACTGACCGTTGACTGTACC",8940,"mir-181a-2","Homo sapiens",0,8940,0,8939
"CTATACAACCTACTGCCTTCCC",8920,"let-7b","Homo sapiens",12,8920,12,8920
"ACTCGGCGTGGCGTCGGTCGTG",8719,"mir-1307","Homo sapiens",1200,8719,1200,8719
"TAGGTAGTTTCCTGTTGTTGGG",8473,"mir-196b","Homo sapiens",4428,8473,4428,8456
"TGAGGTAGTAAGTTGTATTGTT",8428,"mir-98","Homo sapiens",7158,8428,7158,8421
"TAATGCCCCTAAAAATCCTTAT",8193,"mir-365a//mir-365b","Homo sapiens",5335,8193,0,0
"AAAAGCTGGGTTGAGAGGGCGA",7981,"mir-320a","Homo sapiens",2583,7981,2583,7874
"TAGCAGCACATCATGGTTTACA",7892,"mir-15b","Homo sapiens",7076,7892,7076,7892
"CCGCACTGTGGGTACTTGCTGC",7379,"mir-106b","Homo sapiens",342,7379,342,7379
"TCAGGCTCAGTCCCCTCCCGAT",7106,"mir-484","Homo sapiens",2867,7106,2867,7106
"TTATAAAGCAATGAGACTGATT",7091,"mir-340","Homo sapiens",4689,7091,4689,7091
"AAAGTTCTGAGACACTCCGACT",7083,"mir-148a","Homo sapiens",5904,7083,5904,7083
"TACAGTACTGTGATAACTGAA",6508,"mir-101-1//mir-101-2","Homo sapiens",452,6508,0,109
"TGTAAACATCCTACACTCAGCT",6190,"mir-30b","Homo sapiens",5806,6190,5806,6190
"ACGCCCTTCCCCCCCTTCTTCA",6120,"mir-1249","Homo sapiens",2633,6120,2633,6120
"CTATACGACCTGCTGCCTTTCT",6051,"let-7d","Homo sapiens",4159,6051,4159,6051
"TCTCACACAGAAATCGCACCCGT",5904,"mir-342","Homo sapiens",0,5904,0,5904
"CAAAGTGCTTACAGTGCAGGTAG",5546,"mir-17","Homo sapiens",2869,5546,2869,5522
"TAGCAGCACATAATGGTTTGTG",5433,"mir-15a","Homo sapiens",1824,5433,1824,5433
"AACATTCATTGCTGTCGGTGGGT",5314,"mir-181b-1//mir-181b-2","Homo sapiens",1068,5314,0,513
"AGCAGCATTGTACAGGGCTATCA",5224,"mir-107","Homo sapiens",544,5224,544,4408
"AATGACACGATCACTCCCGTTGA",5205,"mir-425","Homo sapiens",212,5205,212,5205
"ATCAACAGACATTAATTGGGCGC",5111,"mir-421","Homo sapiens",2105,5111,2105,5111
"ACGGGTTAGGCTCTTGGGAGCT",4718,"mir-125b-1","Homo sapiens",3959,4718,3959,4718
"CTGTGCGTGTGACAGCGGCTGA",4311,"mir-210","Homo sapiens",1353,4311,1353,4311
"TGAGGTAGGAGGTTGTATAGTT",4308,"let-7e","Homo sapiens",2672,4308,2672,4044
"AGAGCTTAGCTGATTGGTGAAC",4267,"mir-27b","Homo sapiens",2972,4267,2972,4267
"CACGCTCATGCACACACCCACA",4067,"mir-574","Homo sapiens",1975,4067,1975,4067
"AAGGAGCTCACAGTCTATTGAG",3863,"mir-28","Homo sapiens",2223,3863,2223,3863
"TTTTGCGATGTGTTCCTAATAT",3561,"mir-450a-1//mir-450a-2","Homo sapiens",1469,3561,0,42
"TGCGGGGCTAGGGCTAACAGCA",3450,"mir-744","Homo sapiens",1591,3450,1591,3450
"CTTTCAGTCGGATGTTTACAGC",3396,"mir-30e","Homo sapiens",2091,3396,2091,3267
"ACCATCGACCGTTGATTGTACC",3383,"mir-181a-1","Homo sapiens",2814,3383,2814,3380
"GGATCCGAGTCACGGCACCA",3330,"mir-4454","Homo sapiens",5,3330,5,3330
"CTTTCAGTCGGATGTTTGCAGC",3177,"mir-30a","Homo sapiens",1961,3177,1961,3045
"CGAATCATTATTTGCTGCTCTA",3096,"mir-15b","Homo sapiens",622,3096,622,3096
"TTCACCACCTTCTCCACCCAGC",3062,"mir-197","Homo sapiens",1921,3062,1921,3062
"CAAGTCACTAGTGGTTCCGTT",3046,"mir-224","Homo sapiens",166,3046,166,3046
"ATGCACCTGGGCAAGGATTCTG",3043,"mir-500a","Homo sapiens",142,3043,142,3032
"ACCTGGCATACAATGTAGATTT",2920,"mir-221","Homo sapiens",114,2920,114,2920
"TGGCAGTGTCTTAGCTGGTTGT",2729,"mir-34a","Homo sapiens",1084,2729,1084,2729
"TCCCTGTCCTCCAGGAGCTCACG",2460,"mir-339","Homo sapiens",7,2460,7,2460
"TAAAGTGCTTATAGTGCAGGTAG",2457,"mir-20a","Homo sapiens",1271,2457,1271,2457
"ATCCCACCACTGCCACCAT",2281,"mir-1260b","Homo sapiens",16,2281,16,2281
"TCCGGTTCTCAGGGCTCCACC",2275,"mir-671","Homo sapiens",1673,2275,1673,2275
"CATGCCTTGAGTGTAGGACCGT",2256,"mir-532","Homo sapiens",993,2256,993,2256
"TCCGAGCCTGGGTCTCCCTCTT",2227,"mir-615","Homo sapiens",507,2227,507,2227
"AACTGTTTGCAGAGGAAACTGA",2198,"mir-452","Homo sapiens",199,2198,199,2198
"AGACCCTGGTCTGCACTCTATC",2178,"mir-504","Homo sapiens",0,2178,0,2178
"TGTGCAAATCCATGCAAAACTGA",2156,"mir-19b-1//mir-19b-2","Homo sapiens",1281,2156,0,165
"CTTTCAGTCAGATGTTTGCTGC",2072,"mir-30d","Homo sapiens",1040,2072,1040,2071
"TAGGTAGTTTCATGTTGTTGGG",1967,"mir-196a-1//mir-196a-2","Homo sapiens",1129,1967,0,321
"TGTGACAGATTGATAACTGAAA",1931,"mir-542","Homo sapiens",861,1931,861,1931
"TCTGGCTCCGTGTCTTCACTCCC",1924,"mir-149","Homo sapiens",393,1924,393,1924
"ACTCTTTCCCTGTTGCACTAC",1921,"mir-130b","Homo sapiens",200,1921,200,1921
"GCAGTCCATGGGCATATACAC",1873,"mir-455","Homo sapiens",133,1873,133,1873
"TAAAGTGCTGACAGTGCAGAT",1829,"mir-106b","Homo sapiens",1016,1829,1016,1829
"CTATACAATCTACTGTCTTTC",1798,"let-7a-1//let-7a-3","Homo sapiens",341,1798,0,13
"AAGTTCTGTTATACACTCAGGC",1791,"mir-148b","Homo sapiens",49,1791,49,1791
"CTATACAATCTATTGCCTTCCC",1622,"let-7f-1","Homo sapiens",1,1622,1,1622
"CTCAGTAGCCAGTGTAGATCCT",1616,"mir-222","Homo sapiens",15,1616,15,1616
"CGGGGCCGTAGCACTGTCTGAGA",1522,"mir-128-1","Homo sapiens",651,1522,651,1522
"TTATCAGAATCTCCAGGGGTAC",1470,"mir-361","Homo sapiens",924,1470,924,1470
"TCAGTGCATGACAGAACTTGG",1469,"mir-152","Homo sapiens",301,1469,301,1469
"AGGGCTTAGCTGCTTGTGAGCA",1435,"mir-27a","Homo sapiens",1025,1435,1025,1435
"ACCCCACTCCTGGTACC",1355,"mir-4286","Homo sapiens",0,1355,0,1355
"CAGTGCAATAGTATTGTCAAAGC",1323,"mir-301a","Homo sapiens",1179,1323,1179,1323
"TGGAAGACTAGTGATTTTGTTGT",1252,"mir-7-1//mir-7-2//mir-7-3","Homo sapiens",160,1252,0,46
"TTCCCAGCCAACGCACCA",1224,"mir-7977","Homo sapiens",0,1224,0,1224
"TCCCCCAGGTGTGATTCTGATTT",1163,"mir-361","Homo sapiens",93,1163,93,1163
"TAGCACCATTTGAAATCGGTTA",1160,"mir-29c","Homo sapiens",443,1160,443,959
"CTAGGTATGGTCCCAGGGATCC",1129,"mir-331","Homo sapiens",96,1129,96,1129
"CAGCAGCAATTCATGTTTTGAA",1112,"mir-424","Homo sapiens",404,1112,404,1112
"CCACCTCCCCTGCAAACGTCCA",1069,"mir-1306","Homo sapiens",468,1069,468,1069
"TGAGGTAGTAGGTTGTATGGTT",1039,"let-7c","Homo sapiens",78,1039,78,98
"CTTATCAGATTGTATTGTAATT",1002,"mir-374a","Homo sapiens",0,1002,0,1002
"GCCCTGAACGAGGGGTCTGGAG",972,"mir-345","Homo sapiens",0,972,0,972
"CAAATTCGTATCTAGGGGAATA",965,"mir-10a","Homo sapiens",75,965,75,965
"ACTGGACTAGGAGTCAGAAGG",940,"mir-378i","Homo sapiens",0,940,0,940
"TTATAATACAACCTGATAAGTG",908,"mir-374a","Homo sapiens",469,908,469,908
"AGGCGGAGACTTGGGCAATTG",905,"mir-25","Homo sapiens",113,905,113,905
"TGGACGGAGAACTGATAAGGGT",883,"mir-184","Homo sapiens",492,883,492,883
"TAGTGCAATATTGCTTATAGGGT",807,"mir-454","Homo sapiens",140,807,140,807
"AACTGGCCTACAAAGTCCCAGT",786,"mir-193a","Homo sapiens",592,786,592,784
"CAGCAGCACACTGTGGTTTGT",773,"mir-497","Homo sapiens",206,773,206,773
"TGCCTACTGAGCTGAAACACAG",759,"mir-24-2","Homo sapiens",9,759,9,759
"TAATACTGCCTGGTAATGATGA",754,"mir-200b","Homo sapiens",11,754,11,754
"TTCAACGGGTATTTATTGAGCA",733,"mir-95","Homo sapiens",219,733,219,733
"TCTCTGGGCCTGTGTCTTAGGC",731,"mir-330","Homo sapiens",27,731,27,731
"CTGCCCTGGCCCGAGGGACCGA",730,"mir-874","Homo sapiens",97,730,97,730
"CTTTTTGCGGTCTGGGCTTGC",723,"mir-129-1//mir-129-2","Homo sapiens",348,723,0,0
"GTTCCTGCTGAACTGAGCCAG",714,"mir-3074","Homo sapiens",13,714,13,714
"TAAGGTGCATCTAGTGCAGATAG",713,"mir-18a","Homo sapiens",339,713,339,713
"CAGTGGTTTTACCCTATGGTAG",707,"mir-140","Homo sapiens",427,707,427,707
"CTCCTGGGGCCCGCACTCTCGC",707,"mir-1343","Homo sapiens",229,707,229,707
"TATGTGCCTTTGGACTACATCG",704,"mir-455","Homo sapiens",518,704,518,704
"TGAGTGTGTGTGTGTGAGTGTGT",686,"mir-574","Homo sapiens",131,686,131,686
"TAGCAGCACAGAAATATTGGC",683,"mir-195","Homo sapiens",299,683,299,683
"ATCGGGAATGTCGTGTCCGCCC",679,"mir-425","Homo sapiens",5,679,5,679
"TGCTATGCCAACATATTGCCAT",671,"mir-31","Homo sapiens",46,671,46,671
"ACTGCAGTGAAGGCACTTGTAG",661,"mir-17","Homo sapiens",59,661,59,661
"AGCCCCTGCCCACCGCACACTG",655,"mir-210","Homo sapiens",0,655,0,655
"CTCCTGACTCCAGGTCCTGTGT",640,"mir-378a","Homo sapiens",412,640,412,640
"ATAAAGCTAGATAACCGAAAGT",618,"mir-9-1//mir-9-2//mir-9-3","Homo sapiens",328,618,0,0
"CAAAACGTGAGGCGCTGCTAT",597,"mir-424","Homo sapiens",177,597,177,597
"CTGGGAGAAGGCTGTTTACTCT",574,"mir-30c-2","Homo sapiens",404,574,404,574
"CGTCAACACTTGCTGGTTTCCT",558,"mir-505","Homo sapiens",166,558,166,558
"CAAGCTCGTGTCTGTGGGTCCG",557,"mir-99b","Homo sapiens",129,557,129,557
"TCGGGGATCATCATGTCACGAGA",550,"mir-542","Homo sapiens",412,550,412,550
"CTGCGCAAGCTACTGCCTTGCT",533,"let-7i","Homo sapiens",241,533,241,533
"GCTGCGCTTGGATTTCGTCCCC",522,"mir-191","Homo sapiens",0,522,0,522
"TTTGGCACTAGCACATTTTTGCT",504,"mir-96","Homo sapiens",389,504,389,504
"TAGCACCATTTGAAATCAGTGTT",501,"mir-29b-1//mir-29b-2","Homo sapiens",401,501,0,2
"ATATAATACAACCTGCTAAGTG",498,"mir-374b","Homo sapiens",182,498,182,498
"TCCAGCATCAGTGATTTTGTTG",492,"mir-338","Homo sapiens",135,492,135,492
"TATTGCACATTACTAAGTTGCA",490,"mir-32","Homo sapiens",0,490,0,490
"CCTATTCTTGGTTACTTGCACG",470,"mir-26a-1","Homo sapiens",0,470,0,470
"CCTATTCTTGATTACTTGTTTC",460,"mir-26a-2","Homo sapiens",363,460,363,460
"AGGTTCTGTGATACACTCCGACT",442,"mir-152","Homo sapiens",399,442,399,442
"ACCCTATCAATATTGTCTCTGC",429,"mir-454","Homo sapiens",0,429,0,429
"TGTGCAAATCTATGCAAAACTGA",408,"mir-19a","Homo sapiens",263,408,263,391
"TCCGTCTCAGTTACTTTATAGC",395,"mir-340","Homo sapiens",50,395,50,395
"TGTAACAGCAACTCCATGTGGA",395,"mir-194-1//mir-194-2","Homo sapiens",213,395,0,100
"TGAGATGAAGCACTGTAGCTC",393,"mir-143","Homo sapiens",92,393,92,393
"AAGCCCTTACCCCAAAAAGCAT",389,"mir-129-2","Homo sapiens",223,389,223,389
"TGGGTCTTTGCGGGCGAGATGA",375,"mir-193a","Homo sapiens",191,375,191,375
"CAATCAGCAAGTATACTGCCCT",374,"mir-34a","Homo sapiens",260,374,260,374
"TGTTGTACTTTTTTTTTTGTTC",373,"mir-3613","Homo sapiens",269,373,269,373
"AGAGTTGAGTCTGGACGTCCCG",360,"mir-219a-1","Homo sapiens",324,360,324,360
"GTGCATTGCTGTTGCATTGC",357,"mir-33b","Homo sapiens",2,357,2,357
"TCCATTACACTACCCTGCCTCT",338,"mir-885","Homo sapiens",274,338,274,338
"ACAAAAAAAAAAGCCCAACCCTTC",335,"mir-3613","Homo sapiens",0,335,0,335
"GTAGAGGAGATGGCGCAGGG",334,"mir-877","Homo sapiens",39,334,39,334
"TTAGGGCCCTGGCTCCATCTCC",312,"mir-1296","Homo sapiens",19,312,19,312
"ACTGCTGAGCTAGCACTTCCCG",311,"mir-93","Homo sapiens",0,311,0,311
"AATGGCGCCACTAGGGTTGTG",308,"mir-652","Homo sapiens",35,308,35,308
"CTGGGAGAGGGTTGTTTACTCC",307,"mir-30c-1","Homo sapiens",227,307,227,307
"AGGTTGGGATCGGTTGCAATGCT",293,"mir-92a-1","Homo sapiens",251,293,251,293
"CAGTGCAATGATATTGTCAAAGC",292,"mir-301b","Homo sapiens",270,292,270,292
"CAGTGCCTCGGCAGTGCAGCCC",291,"mir-33b","Homo sapiens",0,291,0,291
"CTTATGCAAGATTCCCTTCTAC",287,"mir-491","Homo sapiens",163,287,163,287
"CAACAAATCACAGTCTGCCATA",286,"mir-7-1","Homo sapiens",159,286,159,286
"ACTGCCCTAAGTGCTCCTTCTGG",284,"mir-18a","Homo sapiens",65,284,65,284
"AGTTCTTCAGTGGCAAGCTTTA",278,"mir-22","Homo sapiens",85,278,85,278
"ACTGGACTTGGAGTCAGAAA",275,"mir-378d-2//mir-378d-1","Homo sapiens",24,275,24,271
"TGTCTGCCCGCATGCCTGCCTCT",271,"mir-346","Homo sapiens",150,271,150,271
"CGGGGTTTTGAGGGCGAGATGA",267,"mir-193b","Homo sapiens",117,267,117,267
"TTTGTTCGTTCGGCTCGCGTGA",263,"mir-375","Homo sapiens",183,263,183,263
"TGGAGAGAAAGGCAGTTCCTGA",262,"mir-185","Homo sapiens",144,262,144,262
"ACTGCCCCAGGTGCTGCTGG",261,"mir-324","Homo sapiens",10,261,10,261
"GTGAATTACCGAAGGGCCATAA",241,"mir-183","Homo sapiens",4,241,4,241
"TCACAAGTCAGGCTCTTGGGAC",240,"mir-125b-2","Homo sapiens",0,240,0,240
"AAAAGCTGGGTTGAGAGGGCAA",239,"mir-320b-1//mir-320b-2","Homo sapiens",2,239,0,3
"TTTTTCATTATTGCTCCTGACC",238,"mir-335","Homo sapiens",110,238,110,238
"CCTGTTCTCCATTACTTGGCTC",214,"mir-26b","Homo sapiens",104,214,104,214
"CATTATTACTTTTGGTACGCG",212,"mir-126","Homo sapiens",206,212,206,212
"GGGGGTCCCCGGTGCTCGGATC",207,"mir-615","Homo sapiens",128,207,128,207
"TGAGAACTGAATTCCATAGGCT",207,"mir-146b","Homo sapiens",2,207,2,190
"TGGCAGTGTATTGTTAGCTGGT",204,"mir-449a","Homo sapiens",168,204,168,204
"AGGAAGCCCTGGAGGGGCTGGAG",200,"mir-671","Homo sapiens",11,200,11,200
"CATAAAGTAGAAAGCACTACT",196,"mir-142","Homo sapiens",67,196,67,196
"CGCATCCCCTAGGGCATTGGTGT",193,"mir-324","Homo sapiens",112,193,112,193
"TATAGGGATTGGAGCCGTGGCG",193,"mir-135a-1","Homo sapiens",1,193,1,193
"ACAGGTGAGGTTCTTGGGAGCC",191,"mir-125a","Homo sapiens",90,191,90,191
"CTGGCCCTCTCTGCCCTTCCGT",191,"mir-328","Homo sapiens",63,191,63,191
"TTGTGTCAATATGCGATGATGT",189,"mir-592","Homo sapiens",102,189,102,189
"CTTAGCAGGTTGTATTATCATT",186,"mir-374b","Homo sapiens",0,186,0,186
"CCTCCCACACCCAAGGCTTGCA",183,"mir-532","Homo sapiens",114,183,114,183
"CCAATATTACTGTGCTGCTTTA",176,"mir-16-2","Homo sapiens",0,176,0,176
"AGTGGGGAACCCTTCCATGAGG",168,"mir-491","Homo sapiens",40,168,40,168
"ACTGATTTCTTTTGGTGTTCAG",162,"mir-29a","Homo sapiens",42,162,42,162
"CGGCTCTGGGTCTGTGGGGA",162,"mir-760","Homo sapiens",9,162,9,162
"CAAGCTTGTATCTATAGGTATG",158,"mir-100","Homo sapiens",0,158,0,158
"TAACAGTCTACAGCCATGGTCG",157,"mir-132","Homo sapiens",85,157,85,157
"CCAATATTGGCTGTGCTGCTCC",154,"mir-195","Homo sapiens",59,154,59,154
"AGCTGGTGTTGTGAATCAGGCCG",148,"mir-138-2//mir-138-1","Homo sapiens",129,148,0,5
"AACAATATCCTGGTGCTGAGTG",144,"mir-338","Homo sapiens",0,144,0,144
"ATGCTGACATATTTACTAGAGG",144,"mir-628","Homo sapiens",132,144,132,144
"AGGGGCTGGCTTTCCTCTGGTC",143,"mir-185","Homo sapiens",0,143,0,143
"GATATCAGCTCAGTAGGCACCG",141,"mir-3074","Homo sapiens",53,141,53,141
"CAATGTTTCCACAGTGCATCAC",140,"mir-33a","Homo sapiens",0,140,0,140
"AGGGACTTTTGGGGGCAGATGTG",137,"mir-365a","Homo sapiens",62,137,62,137
"GCTGACTCCTAGTCCAGGGCTC",128,"mir-345","Homo sapiens",0,128,0,128
"GTGTGCGGAAATGCTTCTGCTA",128,"mir-147b","Homo sapiens",54,128,54,128
"CTATACAACTTACTACTTTCCC",127,"mir-98","Homo sapiens",0,127,0,127
"AGGGACTTTCAGGGGCAGCTGT",126,"mir-365b","Homo sapiens",8,126,8,126
"GGCTCCTTGGTCTAGGGGTA",120,"mir-4448","Homo sapiens",0,120,0,120
"TATGGCTTTTTATTCCTATGTGA",114,"mir-135a-1//mir-135a-2","Homo sapiens",84,114,0,2
"CTATACAGTCTACTGTCTTTCC",113,"let-7f-2","Homo sapiens",0,113,0,113
"TCGACAGCACGACACTGCCTTC",111,"mir-196b","Homo sapiens",17,111,17,111
"ACAGATTCGATTCTAGGGGAAT",109,"mir-10b","Homo sapiens",15,109,15,109
"TGATATGTTTGATATATTAGGT",107,"mir-190a","Homo sapiens",6,107,6,107
"GCTGGTTTCATATGGTGGTTTAGA",105,"mir-29b-1","Homo sapiens",45,105,45,105
"CTATACGGCCTCCTAGCTTTCC",98,"let-7e","Homo sapiens",27,98,27,98
"GCTCTGACTTTATTGCACTACT",98,"mir-301a","Homo sapiens",87,98,87,98
"ACAGTAGTCTGCACATTGGTTA",97,"mir-199a-1//mir-199a-2//mir-199b","Homo sapiens",13,97,0,2
"TAGCAGCGGGAACAGTTCTGCAG",96,"mir-503","Homo sapiens",0,96,0,96
"CCAGTATTAACTGTGCTGCTGA",93,"mir-16-1","Homo sapiens",2,93,2,93
"CGGCCCCACGCACCAGGGTAAGA",93,"mir-874","Homo sapiens",36,93,36,93
"CTGTTGCCACTAACCTCAACCT",92,"mir-744","Homo sapiens",16,92,16,92
"TTACAGTTGTTCAACCAGTTACT",91,"mir-582","Homo sapiens",26,91,26,91
"ACTGGACTTGGAGTCAGAAGAGTGG",90,"mir-378c","Homo sapiens",0,90,0,90
"CAATTTAGTGTGTGTGATATTT",88,"mir-32","Homo sapiens",0,88,0,88
"CTCCTACATATTAGCATTAACA",87,"mir-155","Homo sapiens",0,87,0,87
"ACTGGACTTGGAGCCAGAAG",86,"mir-378f","Homo sapiens",1,86,1,85
"TCGAGGAGCTCACAGTCT",85,"mir-151b","Homo sapiens",83,85,83,85
"TCTAGTAAGAGTGGCAGTCGA",82,"mir-628","Homo sapiens",3,82,3,82
"GTGCATTGTAGTTGCATTGCA",79,"mir-33a","Homo sapiens",22,79,22,79
"TGGCCCTGACTGAAGACCAGCAGT",79,"mir-1291","Homo sapiens",0,79,0,79
"AACATTCAACCTGTCGGTGAGT",78,"mir-181c","Homo sapiens",17,78,17,78
"TGAGGCGGGGGGGCGAGC",77,"mir-6087","Homo sapiens",3,77,3,77
"AACCCGTAGATCCGATCTTGTG",75,"mir-99a","Homo sapiens",47,75,47,72
"CATCCCTTGCATGGTGGAGGG",75,"mir-188","Homo sapiens",4,75,4,75
"TAATACTGTCTGGTAAAACCGT",74,"mir-429","Homo sapiens",0,74,0,74
"AGTGCCTGCTATGTGCCAGGCA",72,"mir-1271","Homo sapiens",0,72,0,72
"GCAAAGCACACGGCCTGCAGAGA",71,"mir-330","Homo sapiens",0,71,0,71
"CTGGGAGGTGGATGTTTACTTC",70,"mir-30b","Homo sapiens",50,70,50,70
"AATGGATTTTTGGAGCAGG",67,"mir-1246","Homo sapiens",12,67,12,67
"CTGTACAGGCCACTGCCTTGC",63,"let-7g","Homo sapiens",21,63,21,63
"CTGGGATCTCCGGGGTCTTGGTT",62,"mir-769","Homo sapiens",0,62,0,62
"AAAAGCTGGGTTGAGAGGGT",59,"mir-320c-1//mir-320c-2","Homo sapiens",7,59,0,16
"TGACCGATTTCTCCTGGTGTTC",59,"mir-29c","Homo sapiens",7,59,7,59
"TTCATTTGCCTCCCAGCCTACA",59,"mir-664b","Homo sapiens",0,59,0,59
"TCGGATCCGTCTGAGCTTGGCT",56,"mir-127","Homo sapiens",30,56,30,56
"TGATATGTTTGATATTGGGTT",54,"mir-190b","Homo sapiens",0,54,0,54
"AACCATCGACCGTTGAGTGGAC",53,"mir-181c","Homo sapiens",0,53,0,52
"ACTGCATTATGAGCACTTAAAG",53,"mir-20a","Homo sapiens",7,53,7,53
"TAACACTGTCTGGTAACGATGT",47,"mir-200a","Homo sapiens",7,47,7,47
"AGGGACGGGACGCGGTGCAGTG",45,"mir-92b","Homo sapiens",0,45,0,45
"TAATCCTTGCTACCTGGGTGAGA",42,"mir-500a","Homo sapiens",4,42,4,42
"ATTGTCCTTGCTGTTTGGAGAT",41,"mir-2355","Homo sapiens",4,41,4,41
"ATGACCTATGAATTGACAGAC",40,"mir-215","Homo sapiens",5,40,5,23
"TCAGTAAATGTTTATTAGATGA",40,"mir-545","Homo sapiens",0,40,0,40
"AACATTCATTGTTGTCGGTGGGT",39,"mir-181d","Homo sapiens",5,39,5,36
"CGGCAACAAGAAACTGCCTGAG",39,"mir-196a-2","Homo sapiens",0,39,0,39
"CCCAGTGTTCAGACTACCTGTTC",38,"mir-199a-1//mir-199a-2","Homo sapiens",17,38,0,0
"ACGTTGGCTCTGGTGGTG",37,"mir-1306","Homo sapiens",0,37,0,37
"TGAGAACTGAATTCCATGGGTT",35,"mir-146a","Homo sapiens",0,35,0,18
"ACTGGACTTAGGGTCAGAAGGC",34,"mir-422a","Homo sapiens",0,34,0,34
"TCGTACCGTGAGTAATAATGCG",33,"mir-126","Homo sapiens",10,33,10,33
"TAACTGGTTGAACAACTGAACC",32,"mir-582","Homo sapiens",0,32,0,32
"TGCCTACTGAGCTGATATCAGT",32,"mir-24-1","Homo sapiens",3,32,3,32
"AAAAGGCGGGAGAAGCCCCA",26,"mir-4484","Homo sapiens",0,26,0,26
"ATCACATTGCCAGTGATTACCC",26,"mir-23c","Homo sapiens",0,26,0,26
"AAAAGTGCTTACAGTGCAGGTAG",25,"mir-106a","Homo sapiens",0,25,0,1
"ACCTTGGCTCTAGACTGCTTACT",25,"mir-212","Homo sapiens",15,25,15,25
"ACTGGGCTTGGAGTCAGAAG",25,"mir-378g","Homo sapiens",1,25,1,21
"TGGGTTCCTGGCATGCTGATTT",25,"mir-23b","Homo sapiens",1,25,1,25
"TAACAGTCTCCAGTCACGGCC",22,"mir-212","Homo sapiens",12,22,12,22
"TGGGGAGCGGCCCCCGGGTGGG",22,"mir-1343","Homo sapiens",0,22,0,22
"CCAGTGGGGCTGCTGTTATCTG",21,"mir-194-2","Homo sapiens",9,21,9,21
"TCAGCAAACATTTATTGTGTGC",21,"mir-545","Homo sapiens",0,21,0,21
"TTCAGATCCCAGCGGTGCCTCT",21,"mir-5100","Homo sapiens",0,21,0,21
"AGGCAGTGTATTGTTAGCTGGC",20,"mir-449b","Homo sapiens",8,20,8,20
"AAAATGGTGCCCTAGTGACTACA",19,"mir-224","Homo sapiens",0,19,0,19
"AATCCTTGGAACCTAGGTGTGAGT",19,"mir-362","Homo sapiens",6,19,6,19
"AGAATTGCGTTTGGACAATCAGT",19,"mir-219b","Homo sapiens",17,19,17,19
"ATCCCCAGATACAATGGACAA",19,"mir-2355","Homo sapiens",0,19,0,19
"AGGCAGCGGGGTGTAGTGGATA",18,"mir-885","Homo sapiens",6,18,6,18
"AATGCACCTGGGCAAGGATTCA",17,"mir-502","Homo sapiens",0,17,0,6
"CAACTAGACTGTGAGCTTCTAG",17,"mir-708","Homo sapiens",0,17,0,17
"CTGGTTTCACATGGTGGCTTAG",17,"mir-29b-2","Homo sapiens",1,17,1,17
"GGGGTTCCTGGGGATGGGATTT",17,"mir-23a","Homo sapiens",10,17,10,17
"TAATACTGCCGGGTAATGATGGA",17,"mir-200c","Homo sapiens",10,17,10,17
"CAGTAACAAAGATTCATCCTTGT",16,"mir-802","Homo sapiens",1,16,1,16
"GACCGAGAGGGCCTCGGCTGT",16,"mir-4523","Homo sapiens",5,16,5,16
"TCAACAAAATCACTGATGCTGGA",16,"mir-3065","Homo sapiens",0,16,0,16
"TCCTCTTCTCCCTCCTCCCAG",16,"mir-877","Homo sapiens",4,16,4,16
"AGATGTCCAGCCACAATTCTCG",15,"mir-219b","Homo sapiens",0,15,0,15
"AGTTTTGCAGGTTTGCATCCAGC",15,"mir-19b-1","Homo sapiens",14,15,14,15
"CAGGCCATATTGTGCTGCCTCA",15,"mir-15a","Homo sapiens",2,15,2,15
"TAACACTGTCTGGTAAAGATGG",15,"mir-141","Homo sapiens",0,15,0,15
"CTGTACAGCCTCCTAGCTTTCC",14,"let-7a-2","Homo sapiens",3,14,3,14
"TCAAGAGCAATAACGAAAAATGT",14,"mir-335","Homo sapiens",4,14,4,14
"TCCTTCATTCCACCGGAGTCTG",14,"mir-205","Homo sapiens",4,14,4,14
"TGGTTCTAGACTTGCCAACTA",14,"mir-182","Homo sapiens",1,14,1,14
"TTCCCTTTGTCATCCTATGCCT",14,"mir-204","Homo sapiens",7,14,7,13
"ACCGTGGCTTTCGATTGTTACT",13,"mir-132","Homo sapiens",13,13,13,13
"AGGGGTGCTATCTGTGATTGA",13,"mir-342","Homo sapiens",0,13,0,13
"AAAAGCTGGGTTGAGAGGA",12,"mir-320d-1//mir-320d-2","Homo sapiens",2,12,0,0
"ACTGTAAACGCTTTCTGATG",12,"mir-3607","Homo sapiens",4,12,4,12
"AGGGAGGGACGGGGGCTGTGC",12,"mir-149","Homo sapiens",0,12,0,12
"AGGCAGTGTAGTTAGCTGATTGC",11,"mir-34c","Homo sapiens",10,11,10,11
"CAACCCTAGGAGAGGGTGCCATTCA",11,"mir-652","Homo sapiens",2,11,2,11
"GGGAGCCAGGAAGTATTGATGT",11,"mir-505","Homo sapiens",0,11,0,11
"ATCATGTATGATACTGCAAACA",10,"mir-6516","Homo sapiens",5,10,5,10
"ATTGGGAACATTTTGCATGTAT",10,"mir-450a-1","Homo sapiens",0,10,0,6
"CATAGCCCGGTCGCTGGTACATGA",9,"mir-3651","Homo sapiens",0,9,0,9
"CATCTTACCGGACAGTGCTGGA",9,"mir-200a","Homo sapiens",8,9,8,9
"CGGGTAGAGAGGGCAGTGGGAGG",9,"mir-197","Homo sapiens",5,9,5,9
"TATGTCTGCTGACCATCACCTT",9,"mir-654","Homo sapiens",0,9,0,9
"TCTACAGTGCACGTGTCTCCAGT",9,"mir-139","Homo sapiens",6,9,6,9
"TTTGGTCCCCTTCAACCAGCTG",9,"mir-133a-1//mir-133a-2","Homo sapiens",0,9,0,0
"AGTTTTGCATAGTTGCACTACA",8,"mir-19a","Homo sapiens",0,8,0,8
"TCGTGTCTTGTGTTGCAGCCGG",8,"mir-187","Homo sapiens",4,8,4,8
"AGCTTCTTTACAGTGCTGCCTTG",7,"mir-103a-2","Homo sapiens",4,7,4,7
"ATTGGGGACATTTTGCATTCAT",7,"mir-450a-2","Homo sapiens",0,7,0,7
"CCCCGGGGAGCCCGGCG",7,"mir-4532","Homo sapiens",0,7,0,7
"TGGAGTGTGACAATGGTGTTTG",7,"mir-122","Homo sapiens",3,7,3,7
"AATAGCTCAGAATGTCAGTTCTG",6,"mir-7705","Homo sapiens",0,6,0,6
"ACTGGACTTGGAGGCAGAA",6,"mir-378b","Homo sapiens",0,6,0,6
"CTATATATCAAACATATTCCT",6,"mir-190a","Homo sapiens",3,6,3,6
"TAGTAGACCGTATAGCGTACG",6,"mir-411","Homo sapiens",4,6,4,6
"TTGGAGGCGTGGGTTTT",6,"mir-4443","Homo sapiens",0,6,0,6
"TTGGGATCATTTTGCATCCATA",6,"mir-450b","Homo sapiens",0,6,0,3
"CAGCCACAACTACCCTGCCACT",5,"mir-449b","Homo sapiens",0,5,0,5
"CATCTTACTGGGCAGCATTGGA",5,"mir-200b","Homo sapiens",3,5,3,5
"CTAAGAAGTTGACTGAAG",5,"mir-3653","Homo sapiens",0,5,0,5
"CTCCCACATGCAGGGTTTGCA",5,"mir-188","Homo sapiens",5,5,5,5
"GAAAATGATGAGTAGTGACTGATG",5,"mir-3662","Homo sapiens",1,5,1,5
"GCCCAAAGGTGAATTTTTTGGG",5,"mir-186","Homo sapiens",3,5,3,5
"GCGGGGCTGGGCGCGCG",5,"mir-4508","Homo sapiens",0,5,0,5
"GGGAGTGCAGGGCAGGGTTTC",5,"mir-504","Homo sapiens",0,5,0,5
"TAACGGCCGCGGTACCCTAA",5,"mir-4485","Homo sapiens",0,5,0,5
"TGATTGTCCAAACGCAATTCT",5,"mir-219a-1","Homo sapiens",0,5,0,5
"TGTAGTGTTTCCTACTTTATGGA",5,"mir-142","Homo sapiens",2,5,2,5
"AACACACCTATTCAAGGATTCA",4,"mir-362","Homo sapiens",0,4,0,4
"AAGGAGCTTACAATCTAGCTGGG",4,"mir-708","Homo sapiens",3,4,3,4
"AATCATGTGCAGTGCCAATATG",4,"mir-96","Homo sapiens",0,4,0,4
"AGCAAAATAAGCAAATGGAAAA",4,"mir-1468","Homo sapiens",1,4,1,4
"CACAGCAAGTGTAGACAGGCA",4,"mir-3120","Homo sapiens",1,4,1,4
"GGGGCTGGGCGCGCGCC",4,"mir-4492","Homo sapiens",0,4,0,4
"GTCCAGTTTTCCCAGGAATCCCT",4,"mir-145","Homo sapiens",2,4,2,4
"TCAGCACCAGGATATTGTTGGAG",4,"mir-3065","Homo sapiens",0,4,0,4
"ACTGGACTTGGAGTCAGGA",3,"mir-378e","Homo sapiens",0,3,0,2
"AGAGTCGGCGACGCCGCCAGC",3,"mir-4785","Homo sapiens",0,3,0,3
"CAGTTATCACAGTGCTGATGCT",3,"mir-101-1","Homo sapiens",0,3,0,3
"CATCATCGTCTCAAATGAGTCT",3,"mir-136","Homo sapiens",1,3,1,3
"CTGCCAATTCCATAGGTCACAG",3,"mir-192","Homo sapiens",0,3,0,3
"GAATGTTGCTCGGTGAACCCCT",3,"mir-409","Homo sapiens",1,3,1,3
"GAGTGGGGCTTCGACCCTAACC",3,"mir-1296","Homo sapiens",0,3,0,3
"GGGGGGGCAGGAGGGGCTCAGGG",3,"mir-328","Homo sapiens",0,3,0,3
"TGGTAGAGCTGAGGACA",3,"mir-4451","Homo sapiens",0,3,0,3
"TTGTGCTTGATCTAACCATGT",3,"mir-218-1//mir-218-2","Homo sapiens",0,3,0,0
"AAACCGTTACCATTACTGAGTT",2,"mir-451a","Homo sapiens",0,2,0,2
"AAGCCCTTACCCCAAAAAGTAT",2,"mir-129-1","Homo sapiens",0,2,0,2
"AATCACTAACCACACGGCCAGG",2,"mir-34c","Homo sapiens",2,2,2,2
"AATGCACCCGGGCAAGGATTCT",2,"mir-501","Homo sapiens",0,2,0,2
"ACCTCCTGTGTGCATGGATTA",2,"mir-660","Homo sapiens",0,2,0,2
"CAATCACTAACTCCACTGCCAT",2,"mir-34b","Homo sapiens",0,2,0,2
"GGATTCCTGGAAATACTGTTCT",2,"mir-145","Homo sapiens",0,2,0,2
"TATACAAGGGCAAGCTCTCTGT",2,"mir-381","Homo sapiens",2,2,2,2
"TCTGTCATTTCTTTAGGCCAATA",2,"mir-215","Homo sapiens",0,2,0,2
"TGAGGGAGTAGGATGTATGGTT",2,"mir-4510","Homo sapiens",0,2,0,0
"TGCCCTGTGGACTCAGTTCTGG",2,"mir-146b","Homo sapiens",0,2,0,2
"TGGAGATCCAGTGCTCGCCCGAT",2,"mir-4683","Homo sapiens",0,2,0,2
"TTAAGACTTGCAGTGATGTTT",2,"mir-499a","Homo sapiens",1,2,1,2
"TTCCCTTTGTCATCCTTCGCCT",2,"mir-211","Homo sapiens",0,2,0,0
"AATATAACACAGATGGCCTGT",1,"mir-410","Homo sapiens",1,1,1,1
"AATCATACAGGGACATCCAGTT",1,"mir-487a","Homo sapiens",0,1,0,1
"AATCCTTGCTACCTGGGT",1,"mir-500b","Homo sapiens",0,1,0,1
"AATTGCACGGTATCCATCTGTA",1,"mir-363","Homo sapiens",0,1,0,1
"ACTCAAAACCCTTCAGTGACTT",1,"mir-616","Homo sapiens",1,1,1,1
"ACTCAAACTGTGGGGGCACT",1,"mir-371a","Homo sapiens",1,1,1,1
"ACTGACAGGAGAGCATTTTGA",1,"mir-3660","Homo sapiens",0,1,0,1
"ACTGGACTTGGTGTCAGATGG",1,"mir-378h","Homo sapiens",0,1,0,1
"AGATCGACCGTGTTATATTCGC",1,"mir-369","Homo sapiens",0,1,0,1
"ATGGATAAGGCTTTGGCTT",1,"mir-1261","Homo sapiens",0,1,0,1
"ATGTAGGGCTAAAAGCCATGGG",1,"mir-135b","Homo sapiens",0,1,0,1
"CAAAGTGCTCATAGTGCAGGTAG",1,"mir-20b","Homo sapiens",0,1,0,0
"CAAGCTCGCTTCTATGGGTCTG",1,"mir-99a","Homo sapiens",1,1,1,1
"CACATTACACGGTCGACCTCT",1,"mir-323a","Homo sapiens",1,1,1,1
"CACTTAGCAGGTTGTATTATAT",1,"mir-374c","Homo sapiens",0,1,0,1
"CATCTTCCAGTACAGTGTTGGA",1,"mir-141","Homo sapiens",0,1,0,1
"CCACCGGGGGATGAATGTCAC",1,"mir-181d","Homo sapiens",0,1,0,1
"CGTCCCGGGGCTGCGCGAGGCA",1,"mir-4449","Homo sapiens",0,1,0,1
"CTCACTGAACAATGAATGCAA",1,"mir-181b-1","Homo sapiens",0,1,0,1
"GAGGGTTGGGTGGAGGCTCTCC",1,"mir-296","Homo sapiens",0,1,0,1
"GCCTGCTGGGGTGGAACCTGGT",1,"mir-370","Homo sapiens",0,1,0,1
"GGCGGCGGCGGAGGCGGGGG",1,"mir-3960","Homo sapiens",0,1,0,1
"GGGCTGGGGCGCGGGGAGGT",1,"mir-5787","Homo sapiens",0,1,0,1
"GTGGGCTGGGCTGGGCTGGGCC",1,"mir-3620","Homo sapiens",0,1,0,1
"TCATTTTTGTGATGTTGCAGCT",1,"mir-153-2","Homo sapiens",0,1,0,1
"TGGATATGATGACTGAAA",1,"mir-4791","Homo sapiens",0,1,0,1
"TTGATCTCGGAAGCTAAGC",1,"mir-7641-1//mir-7641-2","Homo sapiens",0,1,0,0
"TTGCATAGTCACAAAAGTGATC",1,"mir-153-1//mir-153-2","Homo sapiens",1,1,0,0
"TTGTACATGGTAGGCTTTCATT",1,"mir-493","Homo sapiens",1,1,1,1
