"Feature ID","Expression values","Name","Resource","Exact mature 5'","Mature 5'","Unique exact mature 5'","Unique mature 5'"
"TAGCTTATCAGACTGATGTTGA",108885,"mir-21","Homo sapiens",18806,108885,18806,108885
"TACCCTGTAGATCCGAATTTGTG",65206,"mir-10a","Homo sapiens",9390,65206,9390,65157
"TACCCTGTAGAACCGAATTTGTG",45231,"mir-10b","Homo sapiens",3812,45231,3812,45187
"TTCACAGTGGCTAAGTTCTGC",34934,"mir-27b","Homo sapiens",15023,34934,15023,34763
"TGAGGTAGTAGGTTGTATAGTT",21125,"let-7a-1//let-7a-2//let-7a-3","Homo sapiens",16472,21125,0,160
"AAGCTGCCAGTTGAAGAACTGT",20043,"mir-22","Homo sapiens",19430,20043,19430,20043
"TGTAAACATCCTCGACTGGAAG",15374,"mir-30a","Homo sapiens",38,15374,38,15372
"CAACGGAATCCCAAAAGCAGCTG",13211,"mir-191","Homo sapiens",10729,13211,10729,13211
"TGAGGTAGTAGATTGTATAGTT",12615,"let-7f-1//let-7f-2","Homo sapiens",10547,12615,0,444
"TTCAAGTAATCCAGGATAGGCT",11689,"mir-26a-1//mir-26a-2","Homo sapiens",10054,11689,0,1
"TATTGCACTTGTCCCGGCCTGT",11675,"mir-92a-1//mir-92a-2","Homo sapiens",4018,11675,0,1638
"TCCTGTACTGAGCTGCCCCGAG",9450,"mir-486//mir-486-2","Homo sapiens",3579,9450,0,515
"TAGCAGCACGTAAATATTGGCG",9078,"mir-16-1//mir-16-2","Homo sapiens",5765,9078,0,30
"TCAGTGCACTACAGAACTTTGT",8792,"mir-148a","Homo sapiens",4134,8792,4134,8792
"TGTAAACATCCCCGACTGGAAG",8534,"mir-30d","Homo sapiens",75,8534,75,8525
"TTCACAGTGGCTAAGTTCCGC",7421,"mir-27a","Homo sapiens",1349,7421,1349,7251
"AGCTACATTGTCTGCTGGGTTTC",7178,"mir-221","Homo sapiens",2202,7178,2202,7178
"TTTGGCAATGGTAGAACTCACACT",7074,"mir-182","Homo sapiens",4670,7074,4670,7074
"TGAGGTAGTAGTTTGTGCTGTT",6713,"let-7i","Homo sapiens",5213,6713,5213,6713
"TGAGGTAGTAGGTTGTGTGGTT",5759,"let-7b","Homo sapiens",3355,5759,3355,5665
"TATTGCACTCGTCCCGGCCTCC",5722,"mir-92b","Homo sapiens",3021,5722,3021,5683
"TCGAGGAGCTCACAGTCTAGT",5010,"mir-151a","Homo sapiens",3105,5010,3105,5010
"TGTAAACATCCTTGACTGGAAG",4523,"mir-30e","Homo sapiens",9,4523,9,4516
"CTCCGTTTGCCTGTTTCGCTG",4315,"mir-1468","Homo sapiens",0,4315,0,4315
"ACTGGACTTGGAGTCAGAAGGC",3795,"mir-378a","Homo sapiens",1859,3795,1859,3795
"CATTGCACTTGTCTCGGTCTGA",3783,"mir-25","Homo sapiens",2994,3783,2994,3783
"CAAAGAATTCTCCTTTTGGGCT",3451,"mir-186","Homo sapiens",1202,3451,1202,3451
"TACCCATTGCATATCGGAGTTG",3430,"mir-660","Homo sapiens",0,3430,0,3430
"CTAGACTGAAGCTCCTTGAGG",3159,"mir-151a","Homo sapiens",853,3159,853,3159
"CACTAGATTGTGAGCTCCTGGA",2764,"mir-28","Homo sapiens",0,2764,0,2764
"TGGCTCAGTTCAGCAGGAACAG",2717,"mir-24-1//mir-24-2","Homo sapiens",306,2717,0,32
"ATCACATTGCCAGGGATTTCC",2568,"mir-23a","Homo sapiens",1334,2568,1334,2564
"CTGACCTATGAATTGACAGCC",2557,"mir-192","Homo sapiens",1898,2557,1898,2554
"CAACACCAGTCGATGGGCTGT",2385,"mir-21","Homo sapiens",1,2385,1,2385
"TCAGTGCATCACAGAACTTTGT",2300,"mir-148b","Homo sapiens",216,2300,216,2300
"TAGCACCATCTGAAATCGGTTA",2247,"mir-29a","Homo sapiens",1068,2247,1068,2231
"AGGCAAGATGCTGGCATAGCT",1982,"mir-31","Homo sapiens",214,1982,214,1982
"CAAAGTGCTGTTCGTGCAGGTAG",1789,"mir-93","Homo sapiens",662,1789,662,1789
"CACCCGTAGAACCGACCTTGCG",1744,"mir-99b","Homo sapiens",935,1744,935,1744
"TGAGGTAGTAGTTTGTACAGTT",1724,"let-7g","Homo sapiens",1467,1724,1467,1721
"TACAGTACTGTGATAACTGAA",1613,"mir-101-1//mir-101-2","Homo sapiens",119,1613,0,23
"TCTTTGGTTATCTAGCTGTATGA",1561,"mir-9-1//mir-9-2//mir-9-3","Homo sapiens",951,1561,0,0
"TCGACCGGACCTCGACCGGCT",1549,"mir-1307","Homo sapiens",1132,1549,1132,1549
"TCCCTGAGACCCTAACTTGTGA",1528,"mir-125b-1//mir-125b-2","Homo sapiens",1034,1528,0,14
"TGTAAACATCCTACACTCTCAGC",1517,"mir-30c-2//mir-30c-1","Homo sapiens",62,1517,0,0
"TTCAAGTAATTCAGGATAGGT",1503,"mir-26b","Homo sapiens",89,1503,89,1503
"TGAGGTAGTAAGTTGTATTGTT",1306,"mir-98","Homo sapiens",1140,1306,1140,1306
"TATGGCACTGGTAGAATTCACT",1249,"mir-183","Homo sapiens",321,1249,321,1249
"AGCAGCATTGTACAGGGCTATGA",1178,"mir-103a-2//mir-103a-1","Homo sapiens",621,1178,0,10
"TGAGACCTCTGGGTTCTGAGCT",1160,"mir-769","Homo sapiens",0,1160,0,1160
"TCCCTGAGACCCTTTAACCTGTGA",1128,"mir-125a","Homo sapiens",707,1128,707,1128
"TGTAAACATCCTACACTCAGCT",1091,"mir-30b","Homo sapiens",1014,1091,1014,1091
"AGCTCGGTCTGAGGCCCCTCAGT",1073,"mir-423","Homo sapiens",691,1073,691,1073
"ATCACATTGCCAGGGATTACC",998,"mir-23b","Homo sapiens",397,998,397,996
"AGCTACATCTGGCTACTGGGT",996,"mir-222","Homo sapiens",56,996,56,996
"CAGTGCAATGTTAAAAGGGCAT",969,"mir-130a","Homo sapiens",125,969,125,969
"AACTGGCCCTCAAAGTCCCGCT",910,"mir-193b","Homo sapiens",0,910,0,910
"TTATAAAGCAATGAGACTGATT",900,"mir-340","Homo sapiens",660,900,660,900
"TTTTGCAATATGTTCCTGAATA",829,"mir-450b","Homo sapiens",58,829,58,829
"TTAATGCTAATCGTGATAGGGGT",812,"mir-155","Homo sapiens",131,812,131,812
"AACCCGTAGATCCGAACTTGTG",760,"mir-100","Homo sapiens",463,760,463,759
"AGAGGTAGTAGGTTGCATAGTT",719,"let-7d","Homo sapiens",524,719,524,718
"TGGCAGTGTCTTAGCTGGTTGT",686,"mir-34a","Homo sapiens",331,686,331,686
"TAGGTAGTTTCCTGTTGTTGGG",678,"mir-196b","Homo sapiens",351,678,351,677
"TAGCAGCACATCATGGTTTACA",639,"mir-15b","Homo sapiens",580,639,580,639
"TAGCAGCACATAATGGTTTGTG",637,"mir-15a","Homo sapiens",266,637,266,637
"AAGGAGCTCACAGTCTATTGAG",597,"mir-28","Homo sapiens",320,597,320,597
"ATGCACCTGGGCAAGGATTCTG",585,"mir-500a","Homo sapiens",39,585,39,584
"AACATTCAACGCTGTCGGTGAGT",556,"mir-181a-2//mir-181a-1","Homo sapiens",317,556,0,0
"CATGCCTTGAGTGTAGGACCGT",547,"mir-532","Homo sapiens",270,547,270,547
"TGAGGGGCAGAGAGCGAGACTTT",526,"mir-423","Homo sapiens",246,526,246,526
"CAAAGTGCTTACAGTGCAGGTAG",520,"mir-17","Homo sapiens",242,520,242,519
"CTGTGCGTGTGACAGCGGCTGA",433,"mir-210","Homo sapiens",128,433,128,433
"TAAAGTGCTGACAGTGCAGAT",428,"mir-106b","Homo sapiens",223,428,223,428
"CAGTGCAATAGTATTGTCAAAGC",425,"mir-301a","Homo sapiens",382,425,382,425
"AAAAGCTGGGTTGAGAGGGCGA",409,"mir-320a","Homo sapiens",113,409,113,407
"TAAAGTGCTTATAGTGCAGGTAG",405,"mir-20a","Homo sapiens",202,405,202,405
"ACTCGGCGTGGCGTCGGTCGTG",371,"mir-1307","Homo sapiens",33,371,33,371
"AATGACACGATCACTCCCGTTGA",355,"mir-425","Homo sapiens",9,355,9,355
"TACCACAGGGTAGAACCACGG",352,"mir-140","Homo sapiens",1,352,1,352
"TCTCACACAGAAATCGCACCCGT",349,"mir-342","Homo sapiens",0,349,0,349
"AGCAGCATTGTACAGGGCTATCA",335,"mir-107","Homo sapiens",26,335,26,277
"ATCAACAGACATTAATTGGGCGC",330,"mir-421","Homo sapiens",135,330,135,330
"TGAGGTAGGAGGTTGTATAGTT",311,"let-7e","Homo sapiens",209,311,209,293
"TCACAGTGAACCGGTCTCTTT",308,"mir-128-1//mir-128-2","Homo sapiens",158,308,0,65
"GCCCCTGGGCCTATCCTAGAA",301,"mir-331","Homo sapiens",53,301,53,301
"ACGCCCTTCCCCCCCTTCTTCA",278,"mir-1249","Homo sapiens",95,278,95,278
"CAGTGCAATGATGAAAGGGCAT",265,"mir-130b","Homo sapiens",51,265,51,265
"TGTGCAAATCCATGCAAAACTGA",257,"mir-19b-1//mir-19b-2","Homo sapiens",123,257,0,15
"CTATACAACCTACTGCCTTCCC",244,"let-7b","Homo sapiens",1,244,1,244
"AACTGGCCTACAAAGTCCCAGT",241,"mir-193a","Homo sapiens",232,241,232,241
"TGCCTACTGAGCTGAAACACAG",241,"mir-24-2","Homo sapiens",1,241,1,241
"TAGGTAGTTTCATGTTGTTGGG",240,"mir-196a-1//mir-196a-2","Homo sapiens",120,240,0,44
"TAATGCCCCTAAAAATCCTTAT",228,"mir-365a//mir-365b","Homo sapiens",151,228,0,0
"TAGCACCATTTGAAATCAGTGTT",225,"mir-29b-1//mir-29b-2","Homo sapiens",211,225,0,0
"TCTGGCTCCGTGTCTTCACTCCC",220,"mir-149","Homo sapiens",47,220,47,220
"TGTGACAGATTGATAACTGAAA",212,"mir-542","Homo sapiens",69,212,69,212
"CCGCACTGTGGGTACTTGCTGC",201,"mir-106b","Homo sapiens",11,201,11,201
"TGCGGGGCTAGGGCTAACAGCA",201,"mir-744","Homo sapiens",76,201,76,201
"ATCCCACCTCTGCCACCA",196,"mir-1260a","Homo sapiens",0,196,0,196
"CTTATCAGATTGTATTGTAATT",188,"mir-374a","Homo sapiens",0,188,0,188
"TTATAATACAACCTGATAAGTG",188,"mir-374a","Homo sapiens",83,188,83,188
"AAGTTCTGTTATACACTCAGGC",185,"mir-148b","Homo sapiens",0,185,0,185
"TCCCTGTCCTCCAGGAGCTCACG",169,"mir-339","Homo sapiens",1,169,1,169
"TTTTGCGATGTGTTCCTAATAT",161,"mir-450a-1//mir-450a-2","Homo sapiens",83,161,0,2
"CACGCTCATGCACACACCCACA",160,"mir-574","Homo sapiens",84,160,84,160
"CTTTCAGTCGGATGTTTGCAGC",156,"mir-30a","Homo sapiens",92,156,92,152
"AACTGTTTGCAGAGGAAACTGA",152,"mir-452","Homo sapiens",20,152,20,152
"GTGCATTGCTGTTGCATTGC",150,"mir-33b","Homo sapiens",5,150,5,150
"TCAGGCTCAGTCCCCTCCCGAT",144,"mir-484","Homo sapiens",51,144,51,144
"TTATCAGAATCTCCAGGGGTAC",143,"mir-361","Homo sapiens",103,143,103,143
"CTATACGACCTGCTGCCTTTCT",141,"let-7d","Homo sapiens",101,141,101,141
"TATTGCACATTACTAAGTTGCA",139,"mir-32","Homo sapiens",0,139,0,139
"AGACCCTGGTCTGCACTCTATC",137,"mir-504","Homo sapiens",0,137,0,137
"AAAGTTCTGAGACACTCCGACT",136,"mir-148a","Homo sapiens",125,136,125,136
"CTATACAATCTACTGTCTTTC",136,"let-7a-1//let-7a-3","Homo sapiens",10,136,0,3
"TGCTATGCCAACATATTGCCAT",127,"mir-31","Homo sapiens",9,127,9,127
"AGCTGGTGTTGTGAATCAGGCCG",126,"mir-138-2//mir-138-1","Homo sapiens",106,126,0,3
"TAGCACCATTTGAAATCGGTTA",124,"mir-29c","Homo sapiens",56,124,56,110
"CTTTCAGTCGGATGTTTACAGC",116,"mir-30e","Homo sapiens",83,116,83,113
"TGAGGTAGTAGGTTGTATGGTT",114,"let-7c","Homo sapiens",16,114,16,20
"TAAGGTGCATCTAGTGCAGATAG",110,"mir-18a","Homo sapiens",44,110,44,110
"TTCACCACCTTCTCCACCCAGC",110,"mir-197","Homo sapiens",81,110,81,110
"ACGGGTTAGGCTCTTGGGAGCT",106,"mir-125b-1","Homo sapiens",79,106,79,106
"TCAGTGCATGACAGAACTTGG",106,"mir-152","Homo sapiens",23,106,23,106
"TGTAACAGCAACTCCATGTGGA",105,"mir-194-1//mir-194-2","Homo sapiens",61,105,0,27
"CGAATCATTATTTGCTGCTCTA",104,"mir-15b","Homo sapiens",21,104,21,104
"TTCAACGGGTATTTATTGAGCA",102,"mir-95","Homo sapiens",36,102,36,102
"TCCGAGCCTGGGTCTCCCTCTT",91,"mir-615","Homo sapiens",16,91,16,91
"TGGAAGACTAGTGATTTTGTTGT",90,"mir-7-1//mir-7-2//mir-7-3","Homo sapiens",16,90,0,5
"CAAGTCACTAGTGGTTCCGTT",89,"mir-224","Homo sapiens",3,89,3,89
"GCCCTGAACGAGGGGTCTGGAG",87,"mir-345","Homo sapiens",0,87,0,87
"CTTGGCACCTAGCAAGCACTCA",86,"mir-1271","Homo sapiens",0,86,0,86
"TGGACGGAGAACTGATAAGGGT",85,"mir-184","Homo sapiens",42,85,42,85
"CAGCAGCAATTCATGTTTTGAA",83,"mir-424","Homo sapiens",27,83,27,83
"TGGCAGTGTATTGTTAGCTGGT",78,"mir-449a","Homo sapiens",59,78,59,78
"TGAGTGTGTGTGTGTGAGTGTGT",75,"mir-574","Homo sapiens",14,75,14,75
"TGATATGTTTGATATATTAGGT",72,"mir-190a","Homo sapiens",6,72,6,72
"GCAGTCCATGGGCATATACAC",71,"mir-455","Homo sapiens",6,71,6,71
"GGATCCGAGTCACGGCACCA",71,"mir-4454","Homo sapiens",0,71,0,71
"ACCTGGCATACAATGTAGATTT",64,"mir-221","Homo sapiens",1,64,1,64
"CTTTCAGTCAGATGTTTGCTGC",63,"mir-30d","Homo sapiens",28,63,28,63
"GTGCATTGTAGTTGCATTGCA",63,"mir-33a","Homo sapiens",25,63,25,63
"TGGAGAGAAAGGCAGTTCCTGA",63,"mir-185","Homo sapiens",36,63,36,63
"TGTTGTACTTTTTTTTTTGTTC",62,"mir-3613","Homo sapiens",53,62,53,62
"TTTGGCACTAGCACATTTTTGCT",62,"mir-96","Homo sapiens",56,62,56,62
"ATATAATACAACCTGCTAAGTG",60,"mir-374b","Homo sapiens",18,60,18,60
"ATAAAGCTAGATAACCGAAAGT",59,"mir-9-1//mir-9-2//mir-9-3","Homo sapiens",30,59,0,0
"TAGTGCAATATTGCTTATAGGGT",56,"mir-454","Homo sapiens",13,56,13,56
"AACATTCATTGCTGTCGGTGGGT",54,"mir-181b-1//mir-181b-2","Homo sapiens",10,54,0,9
"GTGTGCGGAAATGCTTCTGCTA",53,"mir-147b","Homo sapiens",28,53,28,53
"TGTGCAAATCTATGCAAAACTGA",53,"mir-19a","Homo sapiens",27,53,27,50
"TTCCCTTTGTCATCCTATGCCT",53,"mir-204","Homo sapiens",36,53,36,52
"ACTGCAGTGAAGGCACTTGTAG",51,"mir-17","Homo sapiens",11,51,11,51
"TCCCCCAGGTGTGATTCTGATTT",48,"mir-361","Homo sapiens",3,48,3,48
"TGAGATGAAGCACTGTAGCTC",48,"mir-143","Homo sapiens",12,48,12,48
"ATCGGGAATGTCGTGTCCGCCC",45,"mir-425","Homo sapiens",1,45,1,45
"GTTCCTGCTGAACTGAGCCAG",45,"mir-3074","Homo sapiens",2,45,2,45
"TAGCAGCACAGAAATATTGGC",45,"mir-195","Homo sapiens",11,45,11,45
"TCCAGCATCAGTGATTTTGTTG",45,"mir-338","Homo sapiens",20,45,20,45
"ATCCCACCACTGCCACCAT",44,"mir-1260b","Homo sapiens",1,44,1,44
"CAAATTCGTATCTAGGGGAATA",43,"mir-10a","Homo sapiens",2,43,2,43
"TCCATTACACTACCCTGCCTCT",42,"mir-885","Homo sapiens",35,42,35,42
"CCTCCCACACCCAAGGCTTGCA",40,"mir-532","Homo sapiens",24,40,24,40
"AGAGCTTAGCTGATTGGTGAAC",39,"mir-27b","Homo sapiens",23,39,23,39
"CAACTAGACTGTGAGCTTCTAG",39,"mir-708","Homo sapiens",0,39,0,39
"CTAGGTATGGTCCCAGGGATCC",39,"mir-331","Homo sapiens",2,39,2,39
"ACTGGACTAGGAGTCAGAAGG",38,"mir-378i","Homo sapiens",0,38,0,38
"TCCGGTTCTCAGGGCTCCACC",36,"mir-671","Homo sapiens",15,36,15,36
"CTCCTGACTCCAGGTCCTGTGT",35,"mir-378a","Homo sapiens",28,35,28,35
"CAGCAGCACACTGTGGTTTGT",34,"mir-497","Homo sapiens",5,34,5,34
"CTCAGTAGCCAGTGTAGATCCT",34,"mir-222","Homo sapiens",0,34,0,34
"CTGCGCAAGCTACTGCCTTGCT",34,"let-7i","Homo sapiens",21,34,21,34
"GCTGACTCCTAGTCCAGGGCTC",34,"mir-345","Homo sapiens",0,34,0,34
"AGGGCTTAGCTGCTTGTGAGCA",33,"mir-27a","Homo sapiens",25,33,25,33
"CATTATTACTTTTGGTACGCG",33,"mir-126","Homo sapiens",32,33,32,33
"ACTGCCCCAGGTGCTGCTGG",32,"mir-324","Homo sapiens",0,32,0,32
"ACCATCGACCGTTGATTGTACC",31,"mir-181a-1","Homo sapiens",26,31,26,31
"TAATACTGCCTGGTAATGATGA",31,"mir-200b","Homo sapiens",0,31,0,31
"GCTGCGCTTGGATTTCGTCCCC",30,"mir-191","Homo sapiens",0,30,0,30
"TATGTGCCTTTGGACTACATCG",30,"mir-455","Homo sapiens",20,30,20,30
"TCTCTGGGCCTGTGTCTTAGGC",29,"mir-330","Homo sapiens",0,29,0,29
"CATCCCTTGCATGGTGGAGGG",28,"mir-188","Homo sapiens",3,28,3,28
"ACAAAAAAAAAAGCCCAACCCTTC",26,"mir-3613","Homo sapiens",0,26,0,26
"AGGAAGCCCTGGAGGGGCTGGAG",26,"mir-671","Homo sapiens",0,26,0,26
"CGTCAACACTTGCTGGTTTCCT",26,"mir-505","Homo sapiens",6,26,6,26
"AATGGCGCCACTAGGGTTGTG",25,"mir-652","Homo sapiens",1,25,1,25
"AGGTTCTGTGATACACTCCGACT",25,"mir-152","Homo sapiens",21,25,21,25
"CTTTTTGCGGTCTGGGCTTGC",25,"mir-129-1//mir-129-2","Homo sapiens",12,25,0,0
"TCGGGGATCATCATGTCACGAGA",25,"mir-542","Homo sapiens",21,25,21,25
"TGAGAACTGAATTCCATAGGCT",25,"mir-146b","Homo sapiens",0,25,0,23
"TTTGTTCGTTCGGCTCGCGTGA",25,"mir-375","Homo sapiens",20,25,20,25
"TCACAAGTCAGGCTCTTGGGAC",24,"mir-125b-2","Homo sapiens",0,24,0,24
"CAATCAGCAAGTATACTGCCCT",23,"mir-34a","Homo sapiens",10,23,10,23
"CGCATCCCCTAGGGCATTGGTGT",23,"mir-324","Homo sapiens",14,23,14,23
"CTATACAATCTATTGCCTTCCC",23,"let-7f-1","Homo sapiens",0,23,0,23
"CTCCTGGGGCCCGCACTCTCGC",23,"mir-1343","Homo sapiens",8,23,8,23
"CAATTTAGTGTGTGTGATATTT",22,"mir-32","Homo sapiens",0,22,0,22
"CAGTGCAATGATATTGTCAAAGC",22,"mir-301b","Homo sapiens",21,22,21,22
"CTGGCCCTCTCTGCCCTTCCGT",22,"mir-328","Homo sapiens",9,22,9,22
"ACTGGACTTGGAGTCAGAAA",21,"mir-378d-2","Homo sapiens",1,21,1,21
"CCACCTCCCCTGCAAACGTCCA",21,"mir-1306","Homo sapiens",11,21,11,21
"CGGCAACAAGAAACTGCCTGAG",21,"mir-196a-2","Homo sapiens",1,21,1,21
"CGGGGCCGTAGCACTGTCTGAGA",21,"mir-128-1","Homo sapiens",12,21,12,21
"CTATACAACTTACTACTTTCCC",21,"mir-98","Homo sapiens",0,21,0,21
"CTATACAGTCTACTGTCTTTCC",21,"let-7f-2","Homo sapiens",0,21,0,21
"TAATCCTTGCTACCTGGGTGAGA",21,"mir-500a","Homo sapiens",1,21,1,21
"AAGCCCTTACCCCAAAAAGCAT",20,"mir-129-2","Homo sapiens",11,20,11,20
"CAAGCTCGTGTCTGTGGGTCCG",20,"mir-99b","Homo sapiens",3,20,3,20
"TGTCTGCCCGCATGCCTGCCTCT",20,"mir-346","Homo sapiens",14,20,14,20
"AGCCCCTGCCCACCGCACACTG",19,"mir-210","Homo sapiens",0,19,0,19
"CTGGGAGAAGGCTGTTTACTCT",19,"mir-30c-2","Homo sapiens",15,19,15,19
"ACTCTTTCCCTGTTGCACTAC",18,"mir-130b","Homo sapiens",4,18,4,18
"TCAGTAAATGTTTATTAGATGA",18,"mir-545","Homo sapiens",0,18,0,18
"TCCGTCTCAGTTACTTTATAGC",18,"mir-340","Homo sapiens",3,18,3,18
"AATCCTTGGAACCTAGGTGTGAGT",17,"mir-362","Homo sapiens",11,17,11,17
"AGTTCTTCAGTGGCAAGCTTTA",17,"mir-22","Homo sapiens",11,17,11,17
"CAACAAATCACAGTCTGCCATA",17,"mir-7-1","Homo sapiens",7,17,7,17
"AGTGGGGAACCCTTCCATGAGG",16,"mir-491","Homo sapiens",9,16,9,16
"CAGTGGTTTTACCCTATGGTAG",16,"mir-140","Homo sapiens",10,16,10,16
"CAATGTTTCCACAGTGCATCAC",15,"mir-33a","Homo sapiens",0,15,0,15
"TGGGTCTTTGCGGGCGAGATGA",15,"mir-193a","Homo sapiens",9,15,9,15
"TTGTGTCAATATGCGATGATGT",15,"mir-592","Homo sapiens",11,15,11,15
"ACAGTAGTCTGCACATTGGTTA",14,"mir-199a-1//mir-199a-2//mir-199b","Homo sapiens",0,14,0,1
"CTGCCCTGGCCCGAGGGACCGA",14,"mir-874","Homo sapiens",1,14,1,14
"TTAGGGCCCTGGCTCCATCTCC",14,"mir-1296","Homo sapiens",3,14,3,14
"ACTGATTTCTTTTGGTGTTCAG",13,"mir-29a","Homo sapiens",2,13,2,13
"CTTAGCAGGTTGTATTATCATT",13,"mir-374b","Homo sapiens",0,13,0,13
"ACCCCACTCCTGGTACC",12,"mir-4286","Homo sapiens",0,12,0,12
"CATAAAGTAGAAAGCACTACT",12,"mir-142","Homo sapiens",11,12,11,12
"GTGAATTACCGAAGGGCCATAA",12,"mir-183","Homo sapiens",0,12,0,12
"TAACAGTCTACAGCCATGGTCG",11,"mir-132","Homo sapiens",5,11,5,11
"TCGGATCCGTCTGAGCTTGGCT",11,"mir-127","Homo sapiens",4,11,4,11
"TTCCCAGCCAACGCACCA",11,"mir-7977","Homo sapiens",0,11,0,11
"AAGGAGCTTACAATCTAGCTGGG",10,"mir-708","Homo sapiens",7,10,7,10
"ACAGATTCGATTCTAGGGGAAT",10,"mir-10b","Homo sapiens",4,10,4,10
"AGGCAGTGTAGTTAGCTGATTGC",10,"mir-34c","Homo sapiens",9,10,9,10
"ATGACCTATGAATTGACAGAC",10,"mir-215","Homo sapiens",1,10,1,9
"CTATATATCAAACATATTCCT",10,"mir-190a","Homo sapiens",4,10,4,10
"ACCACTGACCGTTGACTGTACC",9,"mir-181a-2","Homo sapiens",0,9,0,9
"AGGCGGAGACTTGGGCAATTG",9,"mir-25","Homo sapiens",2,9,2,9
"CAAGCTTGTATCTATAGGTATG",9,"mir-100","Homo sapiens",0,9,0,9
"CCAGTATTAACTGTGCTGCTGA",9,"mir-16-1","Homo sapiens",1,9,1,9
"TAACTGGTTGAACAACTGAACC",9,"mir-582","Homo sapiens",0,9,0,9
"AAAAGCTGGGTTGAGAGGGCAA",8,"mir-320b-1//mir-320b-2","Homo sapiens",0,8,0,0
"AACCCGTAGATCCGATCTTGTG",8,"mir-99a","Homo sapiens",4,8,4,8
"ATGCTGACATATTTACTAGAGG",8,"mir-628","Homo sapiens",8,8,8,8
"CCTATTCTTGATTACTTGTTTC",8,"mir-26a-2","Homo sapiens",7,8,7,8
"CTGTACAGGCCACTGCCTTGC",8,"let-7g","Homo sapiens",3,8,3,8
"AACCATCGACCGTTGAGTGGAC",7,"mir-181c","Homo sapiens",1,7,1,7
"CTCCCACATGCAGGGTTTGCA",7,"mir-188","Homo sapiens",6,7,6,7
"TGCCTACTGAGCTGATATCAGT",7,"mir-24-1","Homo sapiens",2,7,2,7
"TTACAGTTGTTCAACCAGTTACT",7,"mir-582","Homo sapiens",1,7,1,7
"AACATTCAACCTGTCGGTGAGT",6,"mir-181c","Homo sapiens",1,6,1,6
"ACAGGTGAGGTTCTTGGGAGCC",6,"mir-125a","Homo sapiens",3,6,3,6
"ACCCTATCAATATTGTCTCTGC",6,"mir-454","Homo sapiens",0,6,0,6
"ACTGTAAACGCTTTCTGATG",6,"mir-3607","Homo sapiens",1,6,1,6
"CAAAACGTGAGGCGCTGCTAT",6,"mir-424","Homo sapiens",3,6,3,6
"CCAATATTACTGTGCTGCTTTA",6,"mir-16-2","Homo sapiens",0,6,0,6
"CCTATTCTTGGTTACTTGCACG",6,"mir-26a-1","Homo sapiens",0,6,0,6
"CCTGTTCTCCATTACTTGGCTC",6,"mir-26b","Homo sapiens",3,6,3,6
"CGGGGTTTTGAGGGCGAGATGA",6,"mir-193b","Homo sapiens",0,6,0,6
"CTGGGAGAGGGTTGTTTACTCC",6,"mir-30c-1","Homo sapiens",6,6,6,6
"CTGGGATCTCCGGGGTCTTGGTT",6,"mir-769","Homo sapiens",0,6,0,6
"CTGTTGCCACTAACCTCAACCT",6,"mir-744","Homo sapiens",2,6,2,6
"GATATCAGCTCAGTAGGCACCG",6,"mir-3074","Homo sapiens",0,6,0,6
"GTGAAATGTTTAGGACCACTAG",6,"mir-203a","Homo sapiens",2,6,2,6
"TCAGCAAACATTTATTGTGTGC",6,"mir-545","Homo sapiens",0,6,0,6
"TGAGGCGGGGGGGCGAGC",6,"mir-6087","Homo sapiens",0,6,0,6
"TGATATGTTTGATATTGGGTT",6,"mir-190b","Homo sapiens",0,6,0,6
"ACGTTGGCTCTGGTGGTG",5,"mir-1306","Homo sapiens",0,5,0,5
"AGGGGCTGGCTTTCCTCTGGTC",5,"mir-185","Homo sapiens",0,5,0,5
"CTATACGGCCTCCTAGCTTTCC",5,"let-7e","Homo sapiens",3,5,3,5
"CTTATGCAAGATTCCCTTCTAC",5,"mir-491","Homo sapiens",3,5,3,5
"TAACACTGTCTGGTAACGATGT",5,"mir-200a","Homo sapiens",2,5,2,5
"TCGACAGCACGACACTGCCTTC",5,"mir-196b","Homo sapiens",0,5,0,5
"TGAGAACTGAATTCCATGGGTT",5,"mir-146a","Homo sapiens",0,5,0,4
"AACAATATCCTGGTGCTGAGTG",4,"mir-338","Homo sapiens",0,4,0,4
"ACTGGACTTAGGGTCAGAAGGC",4,"mir-422a","Homo sapiens",0,4,0,4
"ACTGGACTTGGAGCCAGAAG",4,"mir-378f","Homo sapiens",0,4,0,4
"ACTGGACTTGGAGTCAGAAGAGTGG",4,"mir-378c","Homo sapiens",0,4,0,4
"AGGGACTTTCAGGGGCAGCTGT",4,"mir-365b","Homo sapiens",0,4,0,4
"ATCCCCAGATACAATGGACAA",4,"mir-2355","Homo sapiens",0,4,0,4
"CAGGCCATATTGTGCTGCCTCA",4,"mir-15a","Homo sapiens",0,4,0,4
"GTAGAGGAGATGGCGCAGGG",4,"mir-877","Homo sapiens",0,4,0,4
"TAGCAGCGGGAACAGTTCTGCAG",4,"mir-503","Homo sapiens",0,4,0,4
"TATAGGGATTGGAGCCGTGGCG",4,"mir-135a-1","Homo sapiens",0,4,0,4
"TCAACAAAATCACTGATGCTGGA",4,"mir-3065","Homo sapiens",0,4,0,4
"TCGAGGAGCTCACAGTCT",4,"mir-151b","Homo sapiens",4,4,4,4
"TGACCGATTTCTCCTGGTGTTC",4,"mir-29c","Homo sapiens",1,4,1,4
"TTAAGACTTGCAGTGATGTTT",4,"mir-499a","Homo sapiens",0,4,0,4
"ACTGCTGAGCTAGCACTTCCCG",3,"mir-93","Homo sapiens",0,3,0,3
"AGATGTCCAGCCACAATTCTCG",3,"mir-219b","Homo sapiens",1,3,1,3
"AGGTTGGGATCGGTTGCAATGCT",3,"mir-92a-1","Homo sapiens",2,3,2,3
"AGTGCCTGCTATGTGCCAGGCA",3,"mir-1271","Homo sapiens",0,3,0,3
"CAGTGCCTCGGCAGTGCAGCCC",3,"mir-33b","Homo sapiens",0,3,0,3
"CCCAGTGTTCAGACTACCTGTTC",3,"mir-199a-1//mir-199a-2","Homo sapiens",2,3,0,0
"CGGCTCTGGGTCTGTGGGGA",3,"mir-760","Homo sapiens",0,3,0,3
"GCTCTGACTTTATTGCACTACT",3,"mir-301a","Homo sapiens",3,3,3,3
"TCTAGTAAGAGTGGCAGTCGA",3,"mir-628","Homo sapiens",0,3,0,3
"TTTTTCATTATTGCTCCTGACC",3,"mir-335","Homo sapiens",2,3,2,3
"AAAAGCTGGGTTGAGAGGGT",2,"mir-320c-1//mir-320c-2","Homo sapiens",1,2,0,1
"AAAAGTGCTTACAGTGCAGGTAG",2,"mir-106a","Homo sapiens",0,2,0,0
"AACACACCTATTCAAGGATTCA",2,"mir-362","Homo sapiens",0,2,0,2
"AATCATGTGCAGTGCCAATATG",2,"mir-96","Homo sapiens",0,2,0,2
"ACTGCATTATGAGCACTTAAAG",2,"mir-20a","Homo sapiens",1,2,1,2
"AGAATTGCGTTTGGACAATCAGT",2,"mir-219b","Homo sapiens",1,2,1,2
"AGATCAGAAGGTGATTGTGGCT",2,"mir-383","Homo sapiens",2,2,2,2
"AGGCAGCGGGGTGTAGTGGATA",2,"mir-885","Homo sapiens",1,2,1,2
"AGGCAGTGTATTGTTAGCTGGC",2,"mir-449b","Homo sapiens",1,2,1,2
"AGGGACTTTTGGGGGCAGATGTG",2,"mir-365a","Homo sapiens",1,2,1,2
"ATCACATTGCCAGTGATTACCC",2,"mir-23c","Homo sapiens",0,2,0,2
"CAACCCTAGGAGAGGGTGCCATTCA",2,"mir-652","Homo sapiens",0,2,0,2
"CAGTAACAAAGATTCATCCTTGT",2,"mir-802","Homo sapiens",1,2,1,2
"CAGTTATCACAGTGCTGATGCT",2,"mir-101-1","Homo sapiens",1,2,1,2
"CCAATATTGGCTGTGCTGCTCC",2,"mir-195","Homo sapiens",0,2,0,2
"GCAAAGCACACGGCCTGCAGAGA",2,"mir-330","Homo sapiens",0,2,0,2
"TAACAGTCTCCAGTCACGGCC",2,"mir-212","Homo sapiens",0,2,0,2
"TAACGGCCGCGGTACCCTAA",2,"mir-4485","Homo sapiens",0,2,0,2
"TCGTGTCTTGTGTTGCAGCCGG",2,"mir-187","Homo sapiens",0,2,0,2
"TCTACAGTGCACGTGTCTCCAGT",2,"mir-139","Homo sapiens",1,2,1,2
"TGGCCCTGACTGAAGACCAGCAGT",2,"mir-1291","Homo sapiens",0,2,0,2
"TGTAGTGTTTCCTACTTTATGGA",2,"mir-142","Homo sapiens",0,2,0,2
"TTCATTTGCCTCCCAGCCTACA",2,"mir-664b","Homo sapiens",0,2,0,2
"TTGCATAGTCACAAAAGTGATC",2,"mir-153-1//mir-153-2","Homo sapiens",2,2,0,0
"TTGGAGGCGTGGGTTTT",2,"mir-4443","Homo sapiens",0,2,0,2
"TTGTGCTTGATCTAACCATGT",2,"mir-218-1//mir-218-2","Homo sapiens",1,2,0,0
"AAAAGGCGGGAGAAGCCCCA",1,"mir-4484","Homo sapiens",0,1,0,1
"AATAGCTCAGAATGTCAGTTCTG",1,"mir-7705","Homo sapiens",0,1,0,1
"AATATAACACAGATGGCCTGT",1,"mir-410","Homo sapiens",1,1,1,1
"AATCCTTTGTCCCTGGGTGAGA",1,"mir-501","Homo sapiens",0,1,0,1
"AATGCACCTGGGCAAGGATTCA",1,"mir-502","Homo sapiens",0,1,0,0
"ACCGTGGCTTTCGATTGTTACT",1,"mir-132","Homo sapiens",0,1,0,1
"ACTGGGCTTGGAGTCAGAAG",1,"mir-378g","Homo sapiens",0,1,0,1
"AGGGACGGGACGCGGTGCAGTG",1,"mir-92b","Homo sapiens",0,1,0,1
"AGGTTACCCGAGCAACTTTGCAT",1,"mir-409","Homo sapiens",0,1,0,1
"ATCATGTATGATACTGCAAACA",1,"mir-6516","Homo sapiens",0,1,0,1
"CAAAGTGCTCATAGTGCAGGTAG",1,"mir-20b","Homo sapiens",0,1,0,0
"CACAGCAAGTGTAGACAGGCA",1,"mir-3120","Homo sapiens",0,1,0,1
"CATAGCCCGGTCGCTGGTACATGA",1,"mir-3651","Homo sapiens",0,1,0,1
"CCAGTGGGGCTGCTGTTATCTG",1,"mir-194-2","Homo sapiens",0,1,0,1
"CGGCCCCACGCACCAGGGTAAGA",1,"mir-874","Homo sapiens",0,1,0,1
"CGGGTAGAGAGGGCAGTGGGAGG",1,"mir-197","Homo sapiens",0,1,0,1
"CTGGTTTCACATGGTGGCTTAG",1,"mir-29b-2","Homo sapiens",0,1,0,1
"GACCGAGAGGGCCTCGGCTGT",1,"mir-4523","Homo sapiens",0,1,0,1
"GAGTGGGGCTTCGACCCTAACC",1,"mir-1296","Homo sapiens",0,1,0,1
"GCTACTTCACAACACCAGGGCC",1,"mir-138-1","Homo sapiens",0,1,0,1
"GGATATCATCATATACTGTAAG",1,"mir-144","Homo sapiens",0,1,0,1
"GGATTCCTGGAAATACTGTTCT",1,"mir-145","Homo sapiens",0,1,0,1
"GGGAGTGCAGGGCAGGGTTTC",1,"mir-504","Homo sapiens",0,1,0,1
"GGGGGTCCCCGGTGCTCGGATC",1,"mir-615","Homo sapiens",0,1,0,1
"TAACACTGTCTGGTAAAGATGG",1,"mir-141","Homo sapiens",0,1,0,1
"TAATACTGTCTGGTAAAACCGT",1,"mir-429","Homo sapiens",0,1,0,1
"TAGGCAGTGTCATTAGCTGATTG",1,"mir-34b","Homo sapiens",0,1,0,1
"TAGTAGACCGTATAGCGTACG",1,"mir-411","Homo sapiens",1,1,1,1
"TATACAAGGGCAAGCTCTCTGT",1,"mir-381","Homo sapiens",1,1,1,1
"TATGGCTTTTTATTCCTATGTGA",1,"mir-135a-1//mir-135a-2","Homo sapiens",1,1,0,0
"TCAAGAGCAATAACGAAAAATGT",1,"mir-335","Homo sapiens",1,1,1,1
"TCAGCACCAGGATATTGTTGGAG",1,"mir-3065","Homo sapiens",0,1,0,1
"TCCTTCATTCCACCGGAGTCTG",1,"mir-205","Homo sapiens",1,1,1,1
"TCGTACCGTGAGTAATAATGCG",1,"mir-126","Homo sapiens",0,1,0,1
"TCTCCCAACCCTTGTACCAGTG",1,"mir-150","Homo sapiens",1,1,1,1
"TGATTGTCCAAACGCAATTCT",1,"mir-219a-1//mir-219a-2","Homo sapiens",1,1,0,0
"TGGGGAGCGGCCCCCGGGTGGG",1,"mir-1343","Homo sapiens",0,1,0,1
"TGGGTTCCTGGCATGCTGATTT",1,"mir-23b","Homo sapiens",0,1,0,1
"TTCCCTTTGTCATCCTTCGCCT",1,"mir-211","Homo sapiens",0,1,0,0
"TTGTACATGGTAGGCTTTCATT",1,"mir-493","Homo sapiens",0,1,0,1
