UniqueID	parental	spheroid
AAAAGCTGGGTTGAGAGGAmir-320d-1//mir-320d-2	1	5
AAAAGCTGGGTTGAGAGGGCAAmir-320b-1//mir-320b-2	8	19
AAAAGCTGGGTTGAGAGGGCGAmir-320a	409	1399
AAAAGCTGGGTTGAGAGGGTmir-320c-1//mir-320c-2	2	8
AAAAGGCGGGAGAAGCCCCAmir-4484	1	2
AAAAGTACTTGCGGATTTTGCTmir-548k	1	1
AAAAGTGCTTACAGTGCAGGTAGmir-106a	2	7
AAAATGGTGCCCTAGTGACTACAmir-224	1	7
AAACATTCGCGGTGCACTTCTTmir-543	1	1
AAAGTTCTGAGACACTCCGACTmir-148a	136	499
AAATATATATATATATGTACGTATmir-1277	1	1
AACAATATCCTGGTGCTGAGTGmir-338	4	9
AACACACCTATTCAAGGATTCAmir-362	2	3
AACATTCAACCTGTCGGTGAGTmir-181c	6	31
AACATTCAACGCTGTCGGTGAGTmir-181a-2//mir-181a-1	556	7384
AACATTCATTGCTGTCGGTGGGTmir-181b-1//mir-181b-2	54	719
AACATTCATTGTTGTCGGTGGGTmir-181d	1	7
AACCATCGACCGTTGAGTGGACmir-181c	7	19
AACCCGTAGATCCGAACTTGTGmir-100	760	2169
AACCCGTAGATCCGATCTTGTGmir-99a	8	30
AACTGGCCCTCAAAGTCCCGCTmir-193b	910	3467
AACTGGCCTACAAAGTCCCAGTmir-193a	241	980
AACTGTTTGCAGAGGAAACTGAmir-452	152	372
AAGCCCTTACCCCAAAAAGCATmir-129-2	20	108
AAGCCCTTACCCCAAAAAGTATmir-129-1	1	0
AAGCTGCCAGTTGAAGAACTGTmir-22	20043	53336
AAGGAGCTCACAGTCTATTGAGmir-28	597	2421
AAGGAGCTTACAATCTAGCTGGGmir-708	10	10
AAGTTCTGTTATACACTCAGGCmir-148b	185	372
AATAATACATGGTTGATCTTTmir-369	1	1
AATAGCTCAGAATGTCAGTTCTGmir-7705	1	3
AATATAACACAGATGGCCTGTmir-410	1	3
AATCATGTGCAGTGCCAATATGmir-96	2	1
AATCATTCACGGACAACACTTmir-382	1	1
AATCCTTGCTACCTGGGTmir-500b	1	2
AATCCTTGGAACCTAGGTGTGAGTmir-362	17	45
AATCCTTTGTCCCTGGGTGAGAmir-501	1	1
AATGACACGATCACTCCCGTTGAmir-425	355	1196
AATGCACCTGGGCAAGGATTCAmir-502	1	4
AATGGATTTTTGGAGCAGGmir-1246	1	12
AATGGCGCCACTAGGGTTGTGmir-652	25	56
ACAAAAAAAAAAGCCCAACCCTTCmir-3613	26	39
ACAGATTCGATTCTAGGGGAATmir-10b	10	20
ACAGCAGGCACAGACAGGCAGTmir-214	1	2
ACAGGTGAGGTTCTTGGGAGCCmir-125a	6	19
ACAGTAGTCTGCACATTGGTTAmir-199a-1//mir-199a-2//mir-199b	14	91
ACCACTGACCGTTGACTGTACCmir-181a-2	9	89
ACCATCGACCGTTGATTGTACCmir-181a-1	31	667
ACCCCACTCCTGGTACCmir-4286	12	34
ACCCTATCAATATTGTCTCTGCmir-454	6	13
ACCGTGCAAAGGTAGCATAmir-1973	1	1
ACCGTGGCTTTCGATTGTTACTmir-132	1	2
ACCTGGCATACAATGTAGATTTmir-221	64	271
ACCTTGGCTCTAGACTGCTTACTmir-212	1	1
ACGCCCTTCCCCCCCTTCTTCAmir-1249	278	814
ACGGGTTAGGCTCTTGGGAGCTmir-125b-1	106	233
ACGTTGGCTCTGGTGGTGmir-1306	5	6
ACTCCATTTGTTTTGATGATGGAmir-136	1	2
ACTCGGCGTGGCGTCGGTCGTGmir-1307	371	626
ACTCTTTCCCTGTTGCACTACmir-130b	18	51
ACTGATTTCTTTTGGTGTTCAGmir-29a	13	44
ACTGCAGTGAAGGCACTTGTAGmir-17	51	109
ACTGCATTATGAGCACTTAAAGmir-20a	2	3
ACTGCCCCAGGTGCTGCTGGmir-324	32	34
ACTGCCCTAAGTGCTCCTTCTGGmir-18a	1	11
ACTGCTGAGCTAGCACTTCCCGmir-93	3	11
ACTGGACTAGGAGTCAGAAGGmir-378i	38	134
ACTGGACTTAGGGTCAGAAGGCmir-422a	4	5
ACTGGACTTGGAGCCAGAAGmir-378f	4	17
ACTGGACTTGGAGTCAGAAAmir-378d-2	21	72
ACTGGACTTGGAGTCAGAAGAGTGGmir-378c	4	14
ACTGGACTTGGAGTCAGAAGGCmir-378a	3795	9948
ACTGGGCTTGGAGTCAGAAGmir-378g	1	4
ACTGTAAACGCTTTCTGATGmir-3607	6	17
AGAATTGCGTTTGGACAATCAGTmir-219b	2	4
AGACCCTGGTCTGCACTCTATCmir-504	137	377
AGAGCTTAGCTGATTGGTGAACmir-27b	39	201
AGAGGTAGTAGGTTGCATAGTTlet-7d	719	1682
AGAGTTGAGTCTGGACGTCCCGmir-219a-1	1	6
AGATCAGAAGGTGATTGTGGCTmir-383	2	1
AGATCGACCGTGTTATATTCGCmir-369	1	1
AGATGTCCAGCCACAATTCTCGmir-219b	3	3
AGCAAAATAAGCAAATGGAAAAmir-1468	1	1
AGCAGCATTGTACAGGGCTATCAmir-107	335	722
AGCAGCATTGTACAGGGCTATGAmir-103a-2//mir-103a-1	1178	2779
AGCCCCTGCCCACCGCACACTGmir-210	19	348
AGCTACATCTGGCTACTGGGTmir-222	996	4000
AGCTACATTGTCTGCTGGGTTTCmir-221	7178	19016
AGCTCGGTCTGAGGCCCCTCAGTmir-423	1073	4464
AGCTGGTGTTGTGAATCAGGCCGmir-138-2//mir-138-1	126	135
AGGAAGCCCTGGAGGGGCTGGAGmir-671	26	29
AGGCAAGATGCTGGCATAGCTmir-31	1982	5110
AGGCAGCGGGGTGTAGTGGATAmir-885	2	13
AGGCAGTGTAGTTAGCTGATTGCmir-34c	10	4
AGGCAGTGTATTGTTAGCTGGCmir-449b	2	5
AGGCGGAGACTTGGGCAATTGmir-25	9	33
AGGGACGGGACGCGGTGCAGTGmir-92b	1	1
AGGGACTTTCAGGGGCAGCTGTmir-365b	4	25
AGGGACTTTTGGGGGCAGATGTGmir-365a	2	5
AGGGCTTAGCTGCTTGTGAGCAmir-27a	33	82
AGGGGCTGGCTTTCCTCTGGTCmir-185	5	24
AGGGGTGCTATCTGTGATTGAmir-342	1	4
AGGTTACCCGAGCAACTTTGCATmir-409	1	1
AGGTTCTGTGATACACTCCGACTmir-152	25	49
AGGTTGGGATCGGTTGCAATGCTmir-92a-1	3	5
AGTGCCTGCTATGTGCCAGGCAmir-1271	3	3
AGTGGGGAACCCTTCCATGAGGmir-491	16	34
AGTTCTTCAGTGGCAAGCTTTAmir-22	17	38
AGTTTTGCAGGTTTGCATCCAGCmir-19b-1	1	1
ATAAAGCTAGATAACCGAAAGTmir-9-1//mir-9-2//mir-9-3	59	139
ATATAATACAACCTGCTAAGTGmir-374b	60	236
ATCAACAGACATTAATTGGGCGCmir-421	330	1293
ATCAAGGATCTTAAACTTTGCCmir-561	1	1
ATCACATTGCCAGGGATTACCmir-23b	998	2764
ATCACATTGCCAGGGATTTCCmir-23a	2568	5311
ATCACATTGCCAGTGATTACCCmir-23c	2	4
ATCATACAAGGACAATTTCTTTmir-539	1	1
ATCATGTATGATACTGCAAACAmir-6516	1	6
ATCCCACCACTGCCACCATmir-1260b	44	347
ATCCCACCTCTGCCACCAmir-1260a	196	1986
ATCCCCAGATACAATGGACAAmir-2355	4	6
ATCGGGAATGTCGTGTCCGCCCmir-425	45	92
ATGACCTATGAATTGACAGACmir-215	10	38
ATGCACCTGGGCAAGGATTCTGmir-500a	585	1601
ATGCTGACATATTTACTAGAGGmir-628	8	20
ATTGTCCTTGCTGTTTGGAGATmir-2355	1	1
CAAAACGTGAGGCGCTGCTATmir-424	6	37
CAAACCACACTGTGGTGTTAGAmir-497	1	1
CAAAGAATTCTCCTTTTGGGCTmir-186	3451	14755
CAAAGTGCTCATAGTGCAGGTAGmir-20b	1	1
CAAAGTGCTGTTCGTGCAGGTAGmir-93	1789	3709
CAAAGTGCTTACAGTGCAGGTAGmir-17	520	1480
CAAATTCGTATCTAGGGGAATAmir-10a	43	194
CAACAAATCACAGTCTGCCATAmir-7-1	17	42
CAACACCAGTCGATGGGCTGTmir-21	2385	5960
CAACCCTAGGAGAGGGTGCCATTCAmir-652	2	2
CAACGGAATCCCAAAAGCAGCTGmir-191	13211	34365
CAACTAGACTGTGAGCTTCTAGmir-708	39	43
CAAGCTCGCTTCTATGGGTCTGmir-99a	1	3
CAAGCTCGTGTCTGTGGGTCCGmir-99b	20	38
CAAGCTTGTATCTATAGGTATGmir-100	9	6
CAAGTCACTAGTGGTTCCGTTmir-224	89	283
CAATCAGCAAGTATACTGCCCTmir-34a	23	23
CAATGTTTCCACAGTGCATCACmir-33a	15	20
CAATTTAGTGTGTGTGATATTTmir-32	22	23
CACAGCAAGTGTAGACAGGCAmir-3120	1	1
CACCCGTAGAACCGACCTTGCGmir-99b	1744	5258
CACGCTCATGCACACACCCACAmir-574	160	608
CACTAGATTGTGAGCTCCTGGAmir-28	2764	14355
CAGCAGCAATTCATGTTTTGAAmir-424	83	198
CAGCAGCACACTGTGGTTTGTmir-497	34	115
CAGCCACAACTACCCTGCCACTmir-449b	1	2
CAGGCCATATTGTGCTGCCTCAmir-15a	4	3
CAGTAACAAAGATTCATCCTTGTmir-802	2	4
CAGTGCAATAGTATTGTCAAAGCmir-301a	425	1028
CAGTGCAATGATATTGTCAAAGCmir-301b	22	67
CAGTGCAATGATGAAAGGGCATmir-130b	265	938
CAGTGCAATGTTAAAAGGGCATmir-130a	969	3624
CAGTGCCTCGGCAGTGCAGCCCmir-33b	3	6
CAGTGGTTTTACCCTATGGTAGmir-140	16	34
CAGTTATCACAGTGCTGATGCTmir-101-1	2	10
CATAAAGTAGAAAGCACTACTmir-142	12	41
CATAGCCCGGTCGCTGGTACATGAmir-3651	1	1
CATCATCGTCTCAAATGAGTCTmir-136	1	8
CATCCCTTGCATGGTGGAGGGmir-188	28	56
CATGCCTTGAGTGTAGGACCGTmir-532	547	1204
CATTATTACTTTTGGTACGCGmir-126	33	361
CATTGCACTTGTCTCGGTCTGAmir-25	3783	8236
CCAATATTACTGTGCTGCTTTAmir-16-2	6	17
CCAATATTGGCTGTGCTGCTCCmir-195	2	7
CCACCTCCCCTGCAAACGTCCAmir-1306	21	84
CCAGTATTAACTGTGCTGCTGAmir-16-1	9	26
CCAGTGGGGCTGCTGTTATCTGmir-194-2	1	1
CCCAGTGTTCAGACTACCTGTTCmir-199a-1//mir-199a-2	3	20
CCCCGGGGAGCCCGGCGmir-4532	1	1
CCGCACTGTGGGTACTTGCTGCmir-106b	201	462
CCTATTCTTGATTACTTGTTTCmir-26a-2	8	19
CCTATTCTTGGTTACTTGCACGmir-26a-1	6	25
CCTCCCACACCCAAGGCTTGCAmir-532	40	128
CCTGTTCTCCATTACTTGGCTCmir-26b	6	30
CGAATCATTATTTGCTGCTCTAmir-15b	104	144
CGCATCCCCTAGGGCATTGGTGTmir-324	23	33
CGGCAACAAGAAACTGCCTGAGmir-196a-2	21	33
CGGCCCCACGCACCAGGGTAAGAmir-874	1	9
CGGCTCTGGGTCTGTGGGGAmir-760	3	14
CGGGGCCGTAGCACTGTCTGAGAmir-128-1	21	34
CGGGGTTTTGAGGGCGAGATGAmir-193b	6	28
CGGGTAGAGAGGGCAGTGGGAGGmir-197	1	1
CGGTGAGCGCTCGCTGGCmir-4792	1	1
CGTCAACACTTGCTGGTTTCCTmir-505	26	58
CTAAGAAGTTGACTGAAGmir-3653	1	1
CTAGACTGAAGCTCCTTGAGGmir-151a	3159	11096
CTAGGTATGGTCCCAGGGATCCmir-331	39	90
CTATACAACCTACTGCCTTCCClet-7b	244	666
CTATACAACTTACTACTTTCCCmir-98	21	47
CTATACAATCTACTGTCTTTClet-7a-1//let-7a-3	136	190
CTATACAATCTATTGCCTTCCClet-7f-1	23	53
CTATACAGTCTACTGTCTTTCClet-7f-2	21	49
CTATACGACCTGCTGCCTTTCTlet-7d	141	537
CTATACGGCCTCCTAGCTTTCClet-7e	5	9
CTATATATCAAACATATTCCTmir-190a	10	17
CTCAGTAGCCAGTGTAGATCCTmir-222	34	40
CTCCCACATGCAGGGTTTGCAmir-188	7	14
CTCCGTTTGCCTGTTTCGCTGmir-1468	4315	15903
CTCCTACATATTAGCATTAACAmir-155	1	3
CTCCTGACTCCAGGTCCTGTGTmir-378a	35	63
CTCCTGGGGCCCGCACTCTCGCmir-1343	23	139
CTGACCTATGAATTGACAGCCmir-192	2557	6585
CTGCCAATTCCATAGGTCACAGmir-192	1	1
CTGCCCTGGCCCGAGGGACCGAmir-874	14	93
CTGCGCAAGCTACTGCCTTGCTlet-7i	34	84
CTGGCCCTCTCTGCCCTTCCGTmir-328	22	106
CTGGGAGAAGGCTGTTTACTCTmir-30c-2	19	47
CTGGGAGAGGGTTGTTTACTCCmir-30c-1	6	28
CTGGGAGGTGGATGTTTACTTCmir-30b	1	14
CTGGGATCTCCGGGGTCTTGGTTmir-769	6	2
CTGGTTTCACATGGTGGCTTAGmir-29b-2	1	1
CTGTACAGGCCACTGCCTTGClet-7g	8	19
CTGTGCGTGTGACAGCGGCTGAmir-210	433	3039
CTGTTGCCACTAACCTCAACCTmir-744	6	12
CTTAGCAGGTTGTATTATCATTmir-374b	13	27
CTTATCAGATTGTATTGTAATTmir-374a	188	322
CTTATGCAAGATTCCCTTCTACmir-491	5	15
CTTGGCACCTAGCAAGCACTCAmir-1271	86	219
CTTTCAGTCAGATGTTTGCTGCmir-30d	63	198
CTTTCAGTCGGATGTTTACAGCmir-30e	116	407
CTTTCAGTCGGATGTTTGCAGCmir-30a	156	331
CTTTTTGCGGTCTGGGCTTGCmir-129-1//mir-129-2	25	166
GAAGTTGTTCGTGGTGGATTCGmir-382	1	1
GAATGTTGCTCGGTGAACCCCTmir-409	1	8
GACCGAGAGGGCCTCGGCTGTmir-4523	1	2
GAGTGGGGCTTCGACCCTAACCmir-1296	1	1
GATATCAGCTCAGTAGGCACCGmir-3074	6	1
GCAAAGCACACGGCCTGCAGAGAmir-330	2	6
GCAGTCCATGGGCATATACACmir-455	71	210
GCCCAAAGGTGAATTTTTTGGGmir-186	1	2
GCCCCTGGGCCTATCCTAGAAmir-331	301	810
GCCCTGAACGAGGGGTCTGGAGmir-345	87	141
GCGACCCATACTTGGTTTCAGmir-551b	1	1
GCGGGGCTGGGCGCGCGmir-4508	1	2
GCTACTTCACAACACCAGGGCCmir-138-1	1	1
GCTCTGACTTTATTGCACTACTmir-301a	3	4
GCTGACTCCTAGTCCAGGGCTCmir-345	34	35
GCTGCGCTTGGATTTCGTCCCCmir-191	30	56
GCTGGTTTCATATGGTGGTTTAGAmir-29b-1	1	9
GGATATCATCATATACTGTAAGmir-144	1	1
GGATCCGAGTCACGGCACCAmir-4454	71	179
GGATTCCTGGAAATACTGTTCTmir-145	1	3
GGCGGCGGGGAGGTAGGCAGmir-8072	1	1
GGCTCCTTGGTCTAGGGGTAmir-4448	1	2
GGGAGCCAGGAAGTATTGATGTmir-505	1	1
GGGAGTGCAGGGCAGGGTTTCmir-504	1	1
GGGGCTGGGCGCGCGCCmir-4492	1	1
GGGGGTCCCCGGTGCTCGGATCmir-615	1	6
GGGGTTCCTGGGGATGGGATTTmir-23a	1	2
GGTGCAGTGCTGCATCTCTGGTmir-143	1	1
GTAGAGGAGATGGCGCAGGGmir-877	4	63
GTCATACACGGCTCTCCTCTCTmir-485	1	1
GTCCAGTTTTCCCAGGAATCCCTmir-145	1	1
GTGAAATGTTTAGGACCACTAGmir-203a	6	17
GTGAATTACCGAAGGGCCATAAmir-183	12	53
GTGCATTGCTGTTGCATTGCmir-33b	150	114
GTGCATTGTAGTTGCATTGCAmir-33a	63	36
GTGTGCGGAAATGCTTCTGCTAmir-147b	53	54
GTTCCTGCTGAACTGAGCCAGmir-3074	45	73
TAAAGTGCTGACAGTGCAGATmir-106b	428	870
TAAAGTGCTTATAGTGCAGGTAGmir-20a	405	817
TAACACTGTCTGGTAAAGATGGmir-141	1	8
TAACACTGTCTGGTAACGATGTmir-200a	5	4
TAACAGTCTACAGCCATGGTCGmir-132	11	19
TAACAGTCTCCAGTCACGGCCmir-212	2	2
TAACGGCCGCGGTACCCTAAmir-4485	2	5
TAACTGGTTGAACAACTGAACCmir-582	9	36
TAAGGTGCATCTAGTGCAGATAGmir-18a	110	135
TAATACTGCCGGGTAATGATGGAmir-200c	1	2
TAATACTGCCTGGTAATGATGAmir-200b	31	152
TAATACTGTCTGGTAAAACCGTmir-429	1	6
TAATCCTTGCTACCTGGGTGAGAmir-500a	21	49
TAATGCCCCTAAAAATCCTTATmir-365a//mir-365b	228	1272
TACAGTACTGTGATAACTGAAmir-101-1//mir-101-2	1613	4013
TACCACAGGGTAGAACCACGGmir-140	352	1588
TACCCATTGCATATCGGAGTTGmir-660	3430	7763
TACCCTGTAGAACCGAATTTGTGmir-10b	45231	128203
TACCCTGTAGATCCGAATTTGTGmir-10a	65206	277306
TAGCACCATCTGAAATCGGTTAmir-29a	2247	6882
TAGCACCATTTGAAATCAGTGTTmir-29b-1//mir-29b-2	225	467
TAGCACCATTTGAAATCGGTTAmir-29c	124	434
TAGCAGCACAGAAATATTGGCmir-195	45	128
TAGCAGCACATAATGGTTTGTGmir-15a	637	1388
TAGCAGCACATCATGGTTTACAmir-15b	639	1352
TAGCAGCACGTAAATATTGGCGmir-16-1//mir-16-2	9078	21239
TAGCAGCGGGAACAGTTCTGCAGmir-503	4	4
TAGCTTATCAGACTGATGTTGAmir-21	108885	268854
TAGGCAGTGTCATTAGCTGATTGmir-34b	1	1
TAGGTAGTTTCATGTTGTTGGGmir-196a-1//mir-196a-2	240	374
TAGGTAGTTTCCTGTTGTTGGGmir-196b	678	803
TAGTAGACCGTATAGCGTACGmir-411	1	24
TAGTGCAATATTGCTTATAGGGTmir-454	56	78
TATACAAGGGCAAGCTCTCTGTmir-381	1	10
TATAGGGATTGGAGCCGTGGCGmir-135a-1	4	7
TATGGCACTGGTAGAATTCACTmir-183	1249	4038
TATGGCTTTTCATTCCTATGTGAmir-135b	1	1
TATGGCTTTTTATTCCTATGTGAmir-135a-1//mir-135a-2	1	7
TATGTAACACGGTCCACTAACCmir-411	1	1
TATGTCTGCTGACCATCACCTTmir-654	1	8
TATGTGCCTTTGGACTACATCGmir-455	30	105
TATTGCACATTACTAAGTTGCAmir-32	139	207
TATTGCACTCGTCCCGGCCTCCmir-92b	5722	11228
TATTGCACTTGTCCCGGCCTGTmir-92a-1//mir-92a-2	11675	41084
TCAACAAAATCACTGATGCTGGAmir-3065	4	8
TCAAGAGCAATAACGAAAAATGTmir-335	1	1
TCACAAGTCAGGCTCTTGGGACmir-125b-2	24	260
TCACAGTGAACCGGTCTCTTTmir-128-1//mir-128-2	308	857
TCAGCAAACATTTATTGTGTGCmir-545	6	15
TCAGCACCAGGATATTGTTGGAGmir-3065	1	2
TCAGGCTCAGTCCCCTCCCGATmir-484	144	385
TCAGTAAATGTTTATTAGATGAmir-545	18	38
TCAGTGCACTACAGAACTTTGTmir-148a	8792	16826
TCAGTGCATCACAGAACTTTGTmir-148b	2300	7379
TCAGTGCATGACAGAACTTGGmir-152	106	238
TCCAGCATCAGTGATTTTGTTGmir-338	45	119
TCCATTACACTACCCTGCCTCTmir-885	42	231
TCCCCCAGGTGTGATTCTGATTTmir-361	48	170
TCCCTGAGACCCTAACTTGTGAmir-125b-1//mir-125b-2	1528	3956
TCCCTGAGACCCTTTAACCTGTGAmir-125a	1128	5791
TCCCTGTCCTCCAGGAGCTCACGmir-339	169	433
TCCGAGCCTGGGTCTCCCTCTTmir-615	91	310
TCCGGTTCTCAGGGCTCCACCmir-671	36	189
TCCGTCTCAGTTACTTTATAGCmir-340	18	45
TCCTCTTCTCCCTCCTCCCAGmir-877	1	1
TCCTGTACTGAGCTGCCCCGAGmir-486//mir-486-2	9450	34829
TCCTTCATTCCACCGGAGTCTGmir-205	1	5
TCGACAGCACGACACTGCCTTCmir-196b	5	16
TCGACCGGACCTCGACCGGCTmir-1307	1549	1803
TCGAGGAGCTCACAGTCTmir-151b	4	15
TCGAGGAGCTCACAGTCTAGTmir-151a	5010	15852
TCGGATCCGTCTGAGCTTGGCTmir-127	11	137
TCGGGGATCATCATGTCACGAGAmir-542	25	69
TCGTACCGTGAGTAATAATGCGmir-126	1	49
TCGTGTCTTGTGTTGCAGCCGGmir-187	2	1
TCTACAGTGCACGTGTCTCCAGTmir-139	2	32
TCTAGTAAGAGTGGCAGTCGAmir-628	3	10
TCTCACACAGAAATCGCACCCGTmir-342	349	1366
TCTCCCAACCCTTGTACCAGTGmir-150	1	1
TCTCTGGGCCTGTGTCTTAGGCmir-330	29	36
TCTGGCTCCGTGTCTTCACTCCCmir-149	220	470
TCTTGGAGTAGGTCATTGGGTGGmir-432	1	1
TCTTTGGTTATCTAGCTGTATGAmir-9-1//mir-9-2//mir-9-3	1561	2497
TGAAGCGCCTGTGCTCTGCCGAGAmir-7706	1	1
TGAAGGTCTACTGTGTGCCAGGmir-493	1	1
TGACCGATTTCTCCTGGTGTTCmir-29c	4	12
TGAGAACTGAATTCCATAGGCTmir-146b	25	53
TGAGAACTGAATTCCATGGGTTmir-146a	5	13
TGAGACCTCTGGGTTCTGAGCTmir-769	1160	2863
TGAGATGAAGCACTGTAGCTCmir-143	48	441
TGAGCGCCTCGACGACAGAGCCGmir-339	1	2
TGAGGCGGGGGGGCGAGCmir-6087	6	27
TGAGGGGCAGAGAGCGAGACTTTmir-423	526	3184
TGAGGTAGGAGGTTGTATAGTTlet-7e	311	685
TGAGGTAGTAAGTTGTATTGTTmir-98	1306	1863
TGAGGTAGTAGATTGTATAGTTlet-7f-1//let-7f-2	12615	23520
TGAGGTAGTAGGTTGTATAGTTlet-7a-1//let-7a-2//let-7a-3	21125	44645
TGAGGTAGTAGGTTGTATGGTTlet-7c	114	179
TGAGGTAGTAGGTTGTGTGGTTlet-7b	5759	9251
TGAGGTAGTAGTTTGTACAGTTlet-7g	1724	2908
TGAGGTAGTAGTTTGTGCTGTTlet-7i	6713	16423
TGAGTGTGTGTGTGTGAGTGTGTmir-574	75	78
TGATATGTTTGATATATTAGGTmir-190a	72	91
TGATATGTTTGATATTGGGTTmir-190b	6	1
TGATTGTCCAAACGCAATTCTmir-219a-1	1	1
TGATTGTCCAAACGCAATTCTmir-219a-1//mir-219a-2	1	1
TGCACCATGGTTGTCTGAGCATGmir-767	1	1
TGCCCTTCTCTCCTCCTGCCTmir-6886	1	1
TGCCTACTGAGCTGAAACACAGmir-24-2	241	350
TGCCTACTGAGCTGATATCAGTmir-24-1	7	7
TGCCTGTCTACACTTGCTGTGCmir-214	1	1
TGCGGGGCTAGGGCTAACAGCAmir-744	201	711
TGCTATGCCAACATATTGCCATmir-31	127	171
TGGAAGACTAGTGATTTTGTTGTmir-7-1//mir-7-2//mir-7-3	90	39
TGGACGGAGAACTGATAAGGGTmir-184	85	94
TGGAGAGAAAGGCAGTTCCTGAmir-185	63	93
TGGAGTGTGACAATGGTGTTTGmir-122	1	2
TGGCAGTGTATTGTTAGCTGGTmir-449a	78	86
TGGCAGTGTCTTAGCTGGTTGTmir-34a	686	736
TGGCCCTGACTGAAGACCAGCAGTmir-1291	2	15
TGGCTCAGTTCAGCAGGAACAGmir-24-1//mir-24-2	2717	3686
TGGGGAGCGGCCCCCGGGTGGGmir-1343	1	1
TGGGTCTTTGCGGGCGAGATGAmir-193a	15	48
TGGGTTCCTGGCATGCTGATTTmir-23b	1	2
TGGTAGACTATGGAACGTAGGmir-379	1	1
TGGTTCTAGACTTGCCAACTAmir-182	1	4
TGTAAACATCCCCGACTGGAAGmir-30d	8534	41313
TGTAAACATCCTACACTCAGCTmir-30b	1091	3684
TGTAAACATCCTACACTCTCAGCmir-30c-2//mir-30c-1	1517	3192
TGTAAACATCCTCGACTGGAAGmir-30a	15374	29626
TGTAAACATCCTTGACTGGAAGmir-30e	4523	8574
TGTAACAGCAACTCCATGTGGAmir-194-1//mir-194-2	105	317
TGTAGTGTTTCCTACTTTATGGAmir-142	2	2
TGTCCTCTAGGGCCTGCAGTCTmir-3909	1	1
TGTCTGCCCGCATGCCTGCCTCTmir-346	20	25
TGTCTTGCAGGCCGTCATGCAmir-431	1	1
TGTGACAGATTGATAACTGAAAmir-542	212	355
TGTGCAAATCCATGCAAAACTGAmir-19b-1//mir-19b-2	257	725
TGTGCAAATCTATGCAAAACTGAmir-19a	53	192
TGTTGTACTTTTTTTTTTGTTCmir-3613	62	67
TTAAGACTTGCAGTGATGTTTmir-499a	4	2
TTAATGCTAATCGTGATAGGGGTmir-155	812	2637
TTAATTTTTTGTTTCGGTCACTmir-4775	1	1
TTACAGTTGTTCAACCAGTTACTmir-582	7	21
TTAGGGCCCTGGCTCCATCTCCmir-1296	14	23
TTATAAAGCAATGAGACTGATTmir-340	900	1872
TTATAATACAACCTGATAAGTGmir-374a	188	535
TTATCAGAATCTCCAGGGGTACmir-361	143	607
TTCAACGGGTATTTATTGAGCAmir-95	102	141
TTCAAGTAATCCAGGATAGGCTmir-26a-1//mir-26a-2	11689	58206
TTCAAGTAATTCAGGATAGGTmir-26b	1503	3847
TTCACAGTGGCTAAGTTCCGCmir-27a	7421	11786
TTCACAGTGGCTAAGTTCTGCmir-27b	34934	88754
TTCACCACCTTCTCCACCCAGCmir-197	110	534
TTCATTTGCCTCCCAGCCTACAmir-664b	2	16
TTCCCAGCCAACGCACCAmir-7977	11	64
TTCCCTTTGTCATCCTATGCCTmir-204	53	22
TTCCCTTTGTCATCCTTCGCCTmir-211	1	17
TTGATCTCGGAAGCTAAGCmir-7641-1//mir-7641-2	1	2
TTGCATAGTCACAAAAGTGATCmir-153-1//mir-153-2	2	3
TTGCCACACTGCAACACCTTACAmir-3064	1	1
TTGGAGGCGTGGGTTTTmir-4443	2	1
TTGGGATCATTTTGCATCCATAmir-450b	1	2
TTGTACATGGTAGGCTTTCATTmir-493	1	2
TTGTGCTTGATCTAACCATGTmir-218-1//mir-218-2	2	3
TTGTGTCAATATGCGATGATGTmir-592	15	10
TTTGGCAATGGTAGAACTCACACTmir-182	7074	23982
TTTGGCACTAGCACATTTTTGCTmir-96	62	173
TTTGGTCCCCTTCAACCAGCTGmir-133a-1//mir-133a-2	1	14
TTTGTTCGTTCGGCTCGCGTGAmir-375	25	70
TTTTGCAATATGTTCCTGAATAmir-450b	829	1592
TTTTGCGATGTGTTCCTAATATmir-450a-1//mir-450a-2	161	280
TTTTTCATTATTGCTCCTGACCmir-335	3	6
