,,
Sequence,miRNA Name,CACO-2
UAGCUUAUCAGACUGAUGUUGA, hsa-mir-21  ,2347
UAACACUGUCUGGUAACGAUGU, hsa-mir-200a  ,173
UAAUACUGCCGGGUAAUGAUGG, hsa-mir-200c  ,267
UGAGAUGAAGCACUGUAGCUCA, hsa-mir-143  ,0
UAAUACUGCCUGGUAAUGAUGAC, hsa-mir-200b  ,144
UUCACAGUGGCUAAGUUCCGC, hsa-mir-27a  ,50
UGGCUCAGUUCAGCAGGAACAG, hsa-mir-24  ,70
UUCAAGUAAUCCAGGAUAGGC, hsa-mir-26a  ,76
GUCCAGUUUUCCCAGGAAUCCCUU, hsa-mir-145  ,0
UACAGUACUGUGAUAACUGAAG, hsa-mir-101  ,24
UGUAACAGCAACUCCAUGUGGA, hsa-mir-194  ,222
CUGACCUAUGAAUUGACAGCC, hsa-mir-192  ,154
AAACCGUUACCAUUACUGAGUUU, hsa-mir-451  ,0
AAGCUGCCAGUUGAAGAACUGU, hsa-mir-22  ,165
AGCAGCAUUGUACAGGGCUAUGA, hsa-mir-103  ,238
UAGCAGCACGUAAAUAUUGGCG, hsa-mir-16  ,56
CAUUGCACUUGUCUCGGUCUGA, hsa-mir-25  ,103
UAACACUGUCUGGUAAAGAUGG, hsa-mir-141  ,99
UAGCACCAUUUGAAAUCAGUGUU, hsa-mir-29b  ,17
UGUAAACAUCCUUGACUGGA, hsa-mir-30e-5p  ,30
UGUAGUGUUUCCUACUUUAUGGA, hsa-mir-142-3p  ,2
CAACGGAAUCCCAAAAGCAGCU, hsa-mir-191  ,37
AACUGGCCUACAAAGUCCCAG, hsa-mir-193a  ,164
UACAGUAUAGAUGAUGUACUAG, hsa-mir-144  ,0
AGCUACAUCUGGCUACUGGGUCUC, hsa-mir-222  ,22
UGUGCAAAUCCAUGCAAAACUGA, hsa-mir-19b  ,29
UGUAAACAUCCCCGACUGGAAG, hsa-mir-30d  ,141
GGCAAGAUGCUGGCAUAGCUG, hsa-mir-31  ,5
UGUAAACAUCCUCGACUGGAAG, hsa-mir-30a-5p  ,5
AUCACAUUGCCAGGGAUUUCC, hsa-mir-23a  ,35
UGAGGUAGUAGUUUGUACAGU, hsa-let-7g  ,9
UAGCACCAUCUGAAAUCGGUU, hsa-mir-29a  ,3
UUCACAGUGGCUAAGUUCUGC, hsa-mir-27b  ,21
UGAGGUAGUAGAUUGUAUAGUU, hsa-let-7f  ,3
UUAUAAUACAACCUGAUAAGUG, hsa-mir-374  ,26
UAAGGUGCAUCUAGUGCAGAUA, hsa-mir-18a  ,100
UGAGGUAGUAGGUUGUAUAGUU, hsa-let-7a  ,3
UCAAGAGCAAUAACGAAAAAUGU, hsa-mir-335  ,40
UAUUGCACUUGUCCCGGCCUG, hsa-mir-92  ,93
UAAAGUGCUGACAGUGCAGAU, hsa-mir-106b  ,48
UAGCAGCACAUAAUGGUUUGUG, hsa-mir-15a  ,61
GUGCAUUGUAGUUGCAUUG, hsa-mir-33  ,46
AAAGUGCUGCGACAUUUGAGCGU, hsa-mir-372  ,265
AUCACAUUGCCAGGGAUUACC, hsa-mir-23b  ,41
GAAGUGCUUCGAUUUUGGGGUGU, hsa-mir-373  ,247
UGUAAACAUCCUACACUCAGCU, hsa-mir-30b  ,83
UCGUACCGUGAGUAAUAAUGC, hsa-mir-126  ,3
UGUGCAAAUCUAUGCAAAACUGA, hsa-mir-19a  ,19
UGUAAACAUCCUACACUCUCAGC, hsa-mir-30c  ,14
UUCAAGUAAUUCAGGAUAGGUU, hsa-mir-26b  ,17
UAUUGCACAUUACUAAGUUGC, hsa-mir-32  ,32
UCCCUGAGACCCUAACUUGUGA, hsa-mir-125b  ,0
AGCUACAUUGUCUGCUGGGUUUC, hsa-mir-221  ,10
AGCAGCAUUGUACAGGGCUAUCA, hsa-mir-107  ,40
UAGCACCAUUUGAAAUCGGU, hsa-mir-29c  ,7
UACCCUGUAGAUCCGAAUUUGUG, hsa-mir-10a  ,4
AACAUUCAACGCUGUCGGUGAGU, hsa-mir-181a  ,16
CAAAGUGCUUACAGUGCAGGUAGU, hsa-mir-17-5p  ,32
UGAGGUAGUAGGUUGUGUGGUU, hsa-let-7b  ,0
UAAAGUGCUUAUAGUGCAGGUAG, hsa-mir-20a  ,32
ACUGCAGUGAAGGCACUUGU, hsa-mir-17-3p  ,34
UAGCAGCACAGAAAUAUUGGC, hsa-mir-195  ,0
UGGAAUGUAAAGAAGUAUGUA, hsa-mir-1  ,0
CAGUGCAAUGAUGAAAGGGCAU, hsa-mir-130b  ,8
UUGUGCUUGAUCUAACCAUGU, hsa-mir-218  ,4
CAGUGCAAUGUUAAAAGGGCAU, hsa-mir-130a  ,1
AAAGUGCUGUUCGUGCAGGUAG, hsa-mir-93  ,28
UUUGGCAAUGGUAGAACUCACA, hsa-mir-182  ,32
CUGUGCGUGUGACAGCGGCUGA, hsa-mir-210  ,1
UCUCCCAACCCUUGUACCAGUG, hsa-mir-150  ,0
UAGCAGCACAUCAUGGUUUACA, hsa-mir-15b  ,14
UGAGGUAGUAGUUUGUGCUGU, hsa-let-7i  ,1
AAAAGCUGGGUUGAGAGGGCGAA, hsa-mir-320  ,7
CAGCAGCAAUUCAUGUUUUGAA, hsa-mir-424  ,5
CAGUGCAAUAGUAUUGUCAAAGC, hsa-mir-301  ,18
CAUAAAGUAGAAAGCACUAC, hsa-mir-142-5p  ,0
UAAUACUGUCUGGUAAAACCGU, hsa-mir-429  ,4
UUUGGCACUAGCACAUUUUUGC, hsa-mir-96  ,5
ACUAGACUGAAGCUCCUUGAGG, hsa-mir-151  ,9
UUUGUUCGUUCGGCUCGCGUGA, hsa-mir-375  ,2
UCUUUGGUUAUCUAGCUGUAUGA, hsa-mir-9  ,10
GUGCCGCCAUCUUUUGAGUGU, hsa-mir-371  ,58
AUGACCUAUGAAUUGACAGAC, hsa-mir-215  ,19
AACCCGUAGAUCCGAACUUGUG, hsa-mir-100  ,0
UUGGUCCCCUUCAACCAGCUGU, hsa-mir-133a  ,0
AAGGAGCUCACAGUCUAUUGAG, hsa-mir-28  ,12
CUUUCAGUCGGAUGUUUACAGC, hsa-mir-30e-3p  ,2
GUGAAAUGUUUAGGACCACUAG, hsa-mir-203  ,5
AGAGGUAGUAGGUUGCAUAGU, hsa-let-7d  ,1
UUCAACGGGUAUUUAUUGAGCA, hsa-mir-95  ,0
AGUGGUUUUACCCUAUGGUAG, hsa-mir-140  ,0
UAGGUAGUUUCCUGUUGUUGG, hsa-mir-196b  ,1
UCCAGCAUCAGUGAUUUUGUUGA, hsa-mir-338  ,20
UAAUGCCCCUAAAAAUCCUUAU, hsa-mir-365  ,1
CAAAGAAUUCUCCUUUUGGGCUU, hsa-mir-186  ,7
UCUCACACAGAAAUCGCACCCGUC, hsa-mir-342  ,2
CCCAGUGUUCAGACUACCUGUUC, hsa-mir-199a  ,0
AACAUUCAUUGCUGUCGGUGGG, hsa-mir-181b  ,11
ACAGCAGGCACAGACAGGCAG, hsa-mir-214  ,0
CACCCGUAGAACCGACCUUGCG, hsa-mir-99b  ,3
UCAGUGCACUACAGAACUUUGU, hsa-mir-148a  ,4
CAGCAGCACACUGUGGUUUGU, hsa-mir-497  ,0
GCCCCUGGGCCUAUCCUAGAA, hsa-mir-331  ,2
UGGAAGACUAGUGAUUUUGUUG, hsa-mir-7  ,1
UGGCAGUGUCUUAGCUGGUUGUU, hsa-mir-34a  ,2
UUAAUGCUAAUCGUGAUAGGGG, hsa-mir-155  ,4
UCACAGUGAACCGGUCUCUUUC, hsa-mir-128b  ,7
UCACAGUGAACCGGUCUCUUUU, hsa-mir-128a  ,7
UAUGGCUUUUCAUUCCUAUGUG, hsa-mir-135b  ,3
UCAGUGCAUGACAGAACUUGGG, hsa-mir-152  ,0
UGAGGUAGUAAGUUGUAUUGUU, hsa-mir-98  ,0
UUUUUGCGAUGUGUUCCUAAUA, hsa-mir-450  ,0
UCUGGCUCCGUGUCUUCACUCC, hsa-mir-149  ,2
GCAAAGCACACGGCCUGCAGAGA, hsa-mir-330  ,0
UGAGGUAGUAGGUUGUAUGGUU, hsa-let-7c  ,0
AACUGGCCCUCAAAGUCCCGCUUU, hsa-mir-193b  ,2
UGUCAGUUUGUCAAAUACCCC, hsa-mir-223  ,0
UGAGGUAGGAGGUUGUAUAGU, hsa-let-7e  ,1
UCCCUGAGACCCUUUAACCUGUG, hsa-mir-125a  ,1
ACUCCAUUUGUUUUGAUGAUGGA, hsa-mir-136  ,0
UAUGGCACUGGUAGAAUUCACUG, hsa-mir-183  ,2
UUCACCACCUUCUCCACCCAGC, hsa-mir-197  ,1
AUUGCACGGUAUCCAUCUGUAA, hsa-mir-363  ,0
UCUACAGUGCACGUGUCU, hsa-mir-139  ,1
AAAAGUGCUUACAGUGCAGGUAGC, hsa-mir-106a  ,2
UGGAGAGAAAGGCAGUUC, hsa-mir-185  ,3
AACAUUCAACCUGUCGGUGAGU, hsa-mir-181c  ,0
CAUCCCUUGCAUGGUGGAGGGU, hsa-mir-188  ,7
UAAGGUGCAUCUAGUGCAGUUA, hsa-mir-18b  ,0
UAAGUGCUUCCAUGUUUUAGUAG, hsa-mir-302b  ,12
CCCAGUGUUUAGACUAUCUGUUC, hsa-mir-199b  ,0
UUAAGACUUGCAGUGAUGUUUAA, hsa-mir-499  ,0
CGAAUGUUGCUCGGUGAACCCCU, hsa-mir-409-3p  ,0
AUCGGGAAUGUCGUGUCCGCC, hsa-mir-425  ,5
UUGCAUAGUCACAAAAGUGA, hsa-mir-153  ,0
UCCUUCAUUCCACCGGAGUCUG, hsa-mir-205  ,5
UGAUUGUCCAAACGCAAUUCU, hsa-mir-219  ,1
CGCAUCCCCUAGGGCAUUGGUGU, hsa-mir-324-5p  ,0
UCCCUGUCCUCCAGGAGCUCA, hsa-mir-339  ,1
AGCUGGUGUUGUGAAUC, hsa-mir-138  ,2
UGAGAACUGAAUUCCAUGGGUU, hsa-mir-146a  ,0
AGCUCGGUCUGAGGCCCCUCAG, hsa-mir-423  ,4
GUCAACACUUGCUGGUUUCCUC, hsa-mir-505  ,2
AACCCGUAGAUCCGAUCUUGUG, hsa-mir-99a  ,1
AAUCCUUGGAACCUAGGUGUGAG, hsa-mir-362  ,2
GCACAUUACACGGUCGACCUCU, hsa-mir-323  ,0
UUAUCAGAAUCUCCAGGGGUAC, hsa-mir-361  ,1
UACCCUGUAGAACCGAAUUUGU, hsa-mir-10b  ,0
UAGGUUAUCCGUGUUGCCUUCG, hsa-mir-154  ,0
UAGGUAGUUUCAUGUUGUUGG, hsa-mir-196a  ,1
CCACUGCCCCAGGUGCUGCUGG, hsa-mir-324-3p  ,0
AACAUUCAUUGUUGUCGGUGGGUU, hsa-mir-181d  ,0
AAUAUAACACAGAUGGCCUGUU, hsa-mir-410  ,0
CUGGACUUGGAGUCAGAAGGCC, hsa-mir-422b  ,2
UGAUAUGUUUGAUAUAUUAGGU, hsa-mir-190  ,0
CUCCUGACUCCAGGUCCUGUGU, hsa-mir-378  ,0
AAUUGCACUUUAGCAAUGGUGA, hsa-mir-367  ,4
UGAGAACUGAAUUCCAUAGGCU, hsa-mir-146b  ,1
UAACAGUCUACAGCCAUGGUCG, hsa-mir-132  ,0
AUCACACAAAGGCAACUUUUGU, hsa-mir-377  ,0
UUAAGGCACGCGGUGAAUGCCA, hsa-mir-124a  ,0
UAUGUGGGAUGGUAAACCGCUU, hsa-mir-299-3p  ,0
UGUUUGCAGAGGAAACUGAGAC, hsa-mir-452  ,2
AAUCCUUUGUCCCUGGGUGAGA, hsa-mir-501  ,2
AUUGACACUUCUGUGAGUAG, hsa-mir-514  ,0
ACCAUCGACCGUUGAUUGUACC, hsa-mir-213  ,0
UGCUGACUCCUAGUCCAGGGC, hsa-mir-345  ,1
UAUACAAGGGCAAGCUCUCUGU, hsa-mir-381  ,0
CAAGUCACUAGUGGUUCCGUUUA, hsa-mir-224  ,1
AGGGCCCCCCCUCAAUCCUGU, hsa-mir-296  ,2
UAAGUGCUUCCAUGUUUUGGUGA, hsa-mir-302a  ,2
UAAGUGCUUCCAUGUUUCAGUGG, hsa-mir-302c  ,2
UAAGUGCUUCCAUGUUUGAGUGU, hsa-mir-302d  ,2
UAUGGCUUUUUAUUCCUAUGUGA, hsa-mir-135a  ,0
CUUUCAGUCGGAUGUUUGCAGC, hsa-mir-30a-3p  ,0
CAAAGUGCUCAUAGUGCAGGUAG, hsa-mir-20b  ,0
AAACAAACAUGGUGCACUUCUUU, hsa-mir-495  ,0
UCAGUGCAUCACAGAACUUUGU, hsa-mir-148b  ,1
UGGACGGAGAACUGAUAAGGGU, hsa-mir-184  ,1
UUCCCUUUGUCAUCCUAUGCCU, hsa-mir-204  ,0
UGGUUUACCGUCCCACAUACAU, hsa-mir-299-5p  ,0
CCUCUGGGCCCUUCCUCCAG, hsa-mir-326  ,0
AGGCAGUGUAGUUAGCUGAUUGC, hsa-mir-34c  ,0
UGGUAGACUAUGGAACGUA, hsa-mir-379  ,0
GAAGUUGUUCGUGGUGGAUUCG, hsa-mir-382  ,0
UGGCAGUGUAUUGUUAGCUGGU, hsa-mir-449  ,0
CACUCAGCCUUGAGGGCACUUUC, hsa-mir-512-1 5p  ,1
CACUCAGCCUUGAGGGCACUUUC, hsa-mir-512-2 5p  ,1
UGAAACAUACACGGGAAACCUCUU, hsa-mir-494  ,0
UUUCAAGCCAGGGGGCGUUUUUC, hsa-mir-498  ,1
AUCCUUGCUAUCUGGGUGCUA, hsa-mir-502  ,1
UUUUGCACCUUUUGGAGUGAA, hsa-mir-507  ,0
AUCGUGCAUCCCUUUAGAGUGUU, hsa-mir-517a  ,1
AUCGUGCAUCCUUUUAGAGUGU, hsa-mir-517c  ,1
CAAAGCGCUCCCCUUUAGAGGU, hsa-mir-518b  ,0
AAAGUGCUUCUCUUUGGUGGGUU, hsa-mir-520d  ,0
ACAAAGUGCUUCCCUUUAGAGUGU, hsa-mir-520g  ,0
ACAAAGUGCUUCCCUUUAGAGU, hsa-mir-520h  ,0
AACGCACUUCCCUUUAGAGUGU, hsa-mir-521  ,0
CUCCAGAGGGAUGCACUUUCU, hsa-mir-525  ,1
