UniqueID	parental_MCF7	spheroid_MCF7	parental_MDA231	spheroid_MDA231
AAAAGCTGGGTTGAGAGGAmir-320d-1//mir-320d-2	12	2	1	5
AAAAGCTGGGTTGAGAGGGCAAmir-320b-1//mir-320b-2	239	27	8	19
AAAAGCTGGGTTGAGAGGGCGAmir-320a	7981	953	409	1399
AAAAGCTGGGTTGAGAGGGTmir-320c-1//mir-320c-2	59	4	2	8
AAAAGGCGGGAGAAGCCCCAmir-4484	26	1	1	2
AAAAGTACTTGCGGATTTTGCTmir-548k	1	1	1	1
AAAAGTGCTTACAGTGCAGGTAGmir-106a	25	7	2	7
AAAATGGTGCCCTAGTGACTACAmir-224	19	1	1	7
AAACATTCGCGGTGCACTTCTTmir-543	1	1	1	1
AAACCGTTACCATTACTGAGTTmir-451a	2	1	1	1
AAAGTTCTGAGACACTCCGACTmir-148a	7083	392	136	499
AAATATATATATATATGTACGTATmir-1277	1	1	1	1
AACAATATCCTGGTGCTGAGTGmir-338	144	9	4	9
AACACACCTATTCAAGGATTCAmir-362	4	4	2	3
AACATAGAGGAAATTCCACGTmir-376c	1	1	1	1
AACATTCAACCTGTCGGTGAGTmir-181c	78	21	6	31
AACATTCAACGCTGTCGGTGAGTmir-181a-2//mir-181a-1	29434	5414	556	7384
AACATTCATTGCTGTCGGTGGGTmir-181b-1//mir-181b-2	5314	727	54	719
AACATTCATTGTTGTCGGTGGGTmir-181d	39	6	1	7
AACCATCGACCGTTGAGTGGACmir-181c	53	9	7	19
AACCCGTAGATCCGAACTTGTGmir-100	44192	2759	760	2169
AACCCGTAGATCCGATCTTGTGmir-99a	75	14	8	30
AACTGGCCCTCAAAGTCCCGCTmir-193b	16577	2552	910	3467
AACTGGCCTACAAAGTCCCAGTmir-193a	786	520	241	980
AACTGTTTGCAGAGGAAACTGAmir-452	2198	314	152	372
AAGCCCTTACCCCAAAAAGCATmir-129-2	389	49	20	108
AAGCCCTTACCCCAAAAAGTATmir-129-1	2	1	1	0
AAGCTGCCAGTTGAAGAACTGTmir-22	168247	15209	20043	53336
AAGGAGCTCACAGTCTATTGAGmir-28	3863	829	597	2421
AAGGAGCTTACAATCTAGCTGGGmir-708	4	2	10	10
AAGGGCTTCCTCTCTGCAGGACmir-3158-1//mir-3158-2	1	1	1	1
AAGTTCTGTTATACACTCAGGCmir-148b	1791	171	185	372
AATAATACATGGTTGATCTTTmir-369	1	2	1	1
AATAGCTCAGAATGTCAGTTCTGmir-7705	6	2	1	3
AATATAACACAGATGGCCTGTmir-410	1	15	1	3
AATCACTAACCACACGGCCAGGmir-34c	2	1	1	1
AATCATACAGGGACATCCAGTTmir-487a	1	1	1	1
AATCATGTGCAGTGCCAATATGmir-96	4	1	2	1
AATCATTCACGGACAACACTTmir-382	1	1	1	1
AATCCTTGCTACCTGGGTmir-500b	1	1	1	2
AATCCTTGGAACCTAGGTGTGAGTmir-362	19	9	17	45
AATCCTTTGTCCCTGGGTGAGAmir-501	1	1	1	1
AATGACACGATCACTCCCGTTGAmir-425	5205	634	355	1196
AATGCACCCGGGCAAGGATTCTmir-501	2	1	1	1
AATGCACCTGGGCAAGGATTCAmir-502	17	1	1	4
AATGGATTTTTGGAGCAGGmir-1246	67	418	1	12
AATGGCGCCACTAGGGTTGTGmir-652	308	33	25	56
AATTGCACGGTATCCATCTGTAmir-363	1	1	1	1
ACAAAAAAAAAAGCCCAACCCTTCmir-3613	335	24	26	39
ACAGATTCGATTCTAGGGGAATmir-10b	109	20	10	20
ACAGCAGGCACAGACAGGCAGTmir-214	1	5	1	2
ACAGGTGAGGTTCTTGGGAGCCmir-125a	191	11	6	19
ACAGTAGTCTGCACATTGGTTAmir-199a-1//mir-199a-2//mir-199b	97	123	14	91
ACCACTGACCGTTGACTGTACCmir-181a-2	8940	214	9	89
ACCAGGAGGCTGAGGCCCCTmir-665	1	1	1	1
ACCATCGACCGTTGATTGTACCmir-181a-1	3383	271	31	667
ACCCCACTCCTGGTACCmir-4286	1355	31	12	34
ACCCTATCAATATTGTCTCTGCmir-454	429	16	6	13
ACCGTGCAAAGGTAGCATAmir-1973	1	2	1	1
ACCGTGGCTTTCGATTGTTACTmir-132	13	1	1	2
ACCTCCTGTGTGCATGGATTAmir-660	2	1	1	1
ACCTGGCATACAATGTAGATTTmir-221	2920	51	64	271
ACCTTGGCTCTAGACTGCTTACTmir-212	25	1	1	1
ACGCCCTTCCCCCCCTTCTTCAmir-1249	6120	510	278	814
ACGGCCCAGGCGGCATTGGTGmir-6075	1	1	1	1
ACGGGTTAGGCTCTTGGGAGCTmir-125b-1	4718	83	106	233
ACGTTGGCTCTGGTGGTGmir-1306	37	7	5	6
ACTCAAAACCCTTCAGTGACTTmir-616	1	1	1	1
ACTCAAACTGTGGGGGCACTmir-371a	1	1	1	1
ACTCCATTTGTTTTGATGATGGAmir-136	1	2	1	2
ACTCGGCGTGGCGTCGGTCGTGmir-1307	8719	430	371	626
ACTCTTTCCCTGTTGCACTACmir-130b	1921	57	18	51
ACTGACAGGAGAGCATTTTGAmir-3660	1	1	1	1
ACTGATTTCTTTTGGTGTTCAGmir-29a	162	35	13	44
ACTGCAGTGAAGGCACTTGTAGmir-17	661	73	51	109
ACTGCATTATGAGCACTTAAAGmir-20a	53	7	2	3
ACTGCCCCAGGTGCTGCTGGmir-324	261	23	32	34
ACTGCCCTAAGTGCTCCTTCTGGmir-18a	284	14	1	11
ACTGCTGAGCTAGCACTTCCCGmir-93	311	5	3	11
ACTGGACTAGGAGTCAGAAGGmir-378i	940	171	38	134
ACTGGACTTAGGGTCAGAAGGCmir-422a	34	6	4	5
ACTGGACTTGGAGCCAGAAGmir-378f	86	23	4	17
ACTGGACTTGGAGGCAGAAmir-378b	6	1	1	1
ACTGGACTTGGAGTCAGAAAmir-378d-2	1	126	21	72
ACTGGACTTGGAGTCAGAAAmir-378d-2//mir-378d-1	275	1	1	1
ACTGGACTTGGAGTCAGAAGAGTGGmir-378c	90	18	4	14
ACTGGACTTGGAGTCAGAAGGCmir-378a	98455	10248	3795	9948
ACTGGACTTGGAGTCAGGAmir-378e	3	1	1	1
ACTGGACTTGGTGTCAGATGGmir-378h	1	2	1	1
ACTGGGCTTGGAGTCAGAAGmir-378g	25	2	1	4
ACTGTAAACGCTTTCTGATGmir-3607	12	1	6	17
AGAATTGCGTTTGGACAATCAGTmir-219b	19	4	2	4
AGACCCTGGTCTGCACTCTATCmir-504	2178	178	137	377
AGAGCTTAGCTGATTGGTGAACmir-27b	4267	75	39	201
AGAGGTAGTAGGTTGCATAGTTlet-7d	11529	1180	719	1682
AGAGTCGGCGACGCCGCCAGCmir-4785	3	1	1	1
AGAGTTGAGTCTGGACGTCCCGmir-219a-1	360	4	1	6
AGATCAGAAGGTGATTGTGGCTmir-383	1	1	2	1
AGATCGACCGTGTTATATTCGCmir-369	1	2	1	1
AGATGTCCAGCCACAATTCTCGmir-219b	15	4	3	3
AGCAAAATAAGCAAATGGAAAAmir-1468	4	1	1	1
AGCAGCATTGTACAGGGCTATCAmir-107	5224	534	335	722
AGCAGCATTGTACAGGGCTATGAmir-103a-2//mir-103a-1	17700	2242	1178	2779
AGCCCCTGCCCACCGCACACTGmir-210	655	49	19	348
AGCGCGGGCTGAGCGCTGCCAGTCmir-2277	1	1	1	1
AGCTACATCTGGCTACTGGGTmir-222	13785	2576	996	4000
AGCTACATTGTCTGCTGGGTTTCmir-221	48121	6574	7178	19016
AGCTCGGTCTGAGGCCCCTCAGTmir-423	29995	1163	1073	4464
AGCTGGTGTTGTGAATCAGGCCGmir-138-2//mir-138-1	148	18	126	135
AGCTTCTTTACAGTGCTGCCTTGmir-103a-2	7	2	1	1
AGGAAGCCCTGGAGGGGCTGGAGmir-671	200	19	26	29
AGGCAAGATGCTGGCATAGCTmir-31	14165	2049	1982	5110
AGGCAGCGGGGTGTAGTGGATAmir-885	18	4	2	13
AGGCAGTGTAGTTAGCTGATTGCmir-34c	11	6	10	4
AGGCAGTGTATTGTTAGCTGGCmir-449b	20	7	2	5
AGGCGGAGACTTGGGCAATTGmir-25	905	5	9	33
AGGGACGGGACGCGGTGCAGTGmir-92b	45	2	1	1
AGGGACTTTCAGGGGCAGCTGTmir-365b	126	7	4	25
AGGGACTTTTGGGGGCAGATGTGmir-365a	137	3	2	5
AGGGAGGGACGGGGGCTGTGCmir-149	12	1	1	1
AGGGCTTAGCTGCTTGTGAGCAmir-27a	1435	5	33	82
AGGGGCTGGCTTTCCTCTGGTCmir-185	143	2	5	24
AGGGGTGCTATCTGTGATTGAmir-342	13	2	1	4
AGGTTACCCGAGCAACTTTGCATmir-409	1	1	1	1
AGGTTCTGTGATACACTCCGACTmir-152	442	22	25	49
AGGTTGGGATCGGTTGCAATGCTmir-92a-1	293	1	3	5
AGTGCCTGCTATGTGCCAGGCAmir-1271	72	11	3	3
AGTGGGGAACCCTTCCATGAGGmir-491	168	32	16	34
AGTTCTTCAGTGGCAAGCTTTAmir-22	278	17	17	38
AGTTTTGCAGGTTTGCATCCAGCmir-19b-1	15	1	1	1
AGTTTTGCATAGTTGCACTACAmir-19a	8	1	1	1
ATAAAGCTAGATAACCGAAAGTmir-9-1//mir-9-2//mir-9-3	618	112	59	139
ATAATACATGGTTAACCTCTTTmir-655	1	2	1	1
ATATAATACAACCTGCTAAGTGmir-374b	498	144	60	236
ATCAACAGACATTAATTGGGCGCmir-421	5111	576	330	1293
ATCAAGGATCTTAAACTTTGCCmir-561	1	1	1	1
ATCACACAAAGGCAACTTTTGTmir-377	1	2	1	1
ATCACATTGCCAGGGATTACCmir-23b	15243	3489	998	2764
ATCACATTGCCAGGGATTTCCmir-23a	22099	3537	2568	5311
ATCACATTGCCAGTGATTACCCmir-23c	26	2	2	4
ATCATACAAGGACAATTTCTTTmir-539	1	1	1	1
ATCATGATGGGCTCCTCGGTGTmir-433	1	1	1	1
ATCATGTATGATACTGCAAACAmir-6516	10	1	1	6
ATCCCACCACTGCCACCATmir-1260b	2281	122	44	347
ATCCCACCTCTGCCACCAmir-1260a	9835	787	196	1986
ATCCCCAGATACAATGGACAAmir-2355	19	7	4	6
ATCCTTGCTATCTGGGTGCTAmir-502	1	1	1	1
ATCGGGAATGTCGTGTCCGCCCmir-425	679	52	45	92
ATGACCTATGAATTGACAGACmir-215	40	26	10	38
ATGCACCTGGGCAAGGATTCTGmir-500a	3043	547	585	1601
ATGCTGACATATTTACTAGAGGmir-628	144	6	8	20
ATGGATAAGGCTTTGGCTTmir-1261	1	1	1	1
ATGTAGGGCTAAAAGCCATGGGmir-135b	1	1	1	1
ATTGGGAACATTTTGCATGTATmir-450a-1	10	1	1	1
ATTGGGGACATTTTGCATTCATmir-450a-2	7	2	1	1
ATTGTCCTTGCTGTTTGGAGATmir-2355	41	7	1	1
CAAAACGTGAGGCGCTGCTATmir-424	597	25	6	37
CAAACCACACTGTGGTGTTAGAmir-497	1	1	1	1
CAAAGAATTCTCCTTTTGGGCTmir-186	123834	11567	3451	14755
CAAAGTGCTCATAGTGCAGGTAGmir-20b	1	1	1	1
CAAAGTGCTGTTCGTGCAGGTAGmir-93	23581	3069	1789	3709
CAAAGTGCTTACAGTGCAGGTAGmir-17	5546	1009	520	1480
CAAATTCGTATCTAGGGGAATAmir-10a	965	129	43	194
CAACAAATCACAGTCTGCCATAmir-7-1	286	35	17	42
CAACACCAGTCGATGGGCTGTmir-21	26604	18800	2385	5960
CAACCCTAGGAGAGGGTGCCATTCAmir-652	11	1	2	2
CAACCTGGAGGACTCCATGCTGmir-490	1	1	1	1
CAACGGAATCCCAAAAGCAGCTGmir-191	262456	33372	13211	34365
CAACTAGACTGTGAGCTTCTAGmir-708	17	9	39	43
CAAGCTCGCTTCTATGGGTCTGmir-99a	1	2	1	3
CAAGCTCGTGTCTGTGGGTCCGmir-99b	557	38	20	38
CAAGCTTGTATCTATAGGTATGmir-100	158	7	9	6
CAAGTCACTAGTGGTTCCGTTmir-224	3046	214	89	283
CAATCACTAACTCCACTGCCATmir-34b	2	1	1	1
CAATCAGCAAGTATACTGCCCTmir-34a	374	18	23	23
CAATGTTTCCACAGTGCATCACmir-33a	140	31	15	20
CAATTTAGTGTGTGTGATATTTmir-32	88	20	22	23
CACAGCAAGTGTAGACAGGCAmir-3120	4	1	1	1
CACATTACACGGTCGACCTCTmir-323a	1	1	1	1
CACCCGGCTGTGTGCACATGTGCmir-941-1//mir-941-2//mir-941-3//mir-941-4	1	3	1	1
CACCCGTAGAACCGACCTTGCGmir-99b	184251	8354	1744	5258
CACGCTCATGCACACACCCACAmir-574	4067	443	160	608
CACTAGATTGTGAGCTCCTGGAmir-28	53745	6260	2764	14355
CACTTAGCAGGTTGTATTATATmir-374c	1	1	1	1
CAGCAGCAATTCATGTTTTGAAmir-424	1112	299	83	198
CAGCAGCACACTGTGGTTTGTmir-497	773	81	34	115
CAGCCACAACTACCCTGCCACTmir-449b	5	1	1	2
CAGGCCATATTGTGCTGCCTCAmir-15a	15	2	4	3
CAGGGCAGGGAAGGTGGGAGAGmir-6879	1	1	1	1
CAGTAACAAAGATTCATCCTTGTmir-802	16	1	2	4
CAGTGCAATAGTATTGTCAAAGCmir-301a	1323	1317	425	1028
CAGTGCAATGATATTGTCAAAGCmir-301b	292	252	22	67
CAGTGCAATGATGAAAGGGCATmir-130b	11408	1302	265	938
CAGTGCAATGTTAAAAGGGCATmir-130a	17632	2737	969	3624
CAGTGCCTCGGCAGTGCAGCCCmir-33b	291	3	3	6
CAGTGGTTTTACCCTATGGTAGmir-140	707	100	16	34
CAGTTATCACAGTGCTGATGCTmir-101-1	3	4	2	10
CATAAAGTAGAAAGCACTACTmir-142	196	122	12	41
CATAGCCCGGTCGCTGGTACATGAmir-3651	9	16	1	1
CATCATCGTCTCAAATGAGTCTmir-136	3	8	1	8
CATCCCTTGCATGGTGGAGGGmir-188	75	20	28	56
CATCTTACCGGACAGTGCTGGAmir-200a	9	1	1	1
CATCTTACTGGGCAGCATTGGAmir-200b	5	1	1	1
CATCTTCCAGTACAGTGTTGGAmir-141	1	1	1	1
CATGCCTTGAGTGTAGGACCGTmir-532	2256	612	547	1204
CATTATTACTTTTGGTACGCGmir-126	212	873	33	361
CATTGCACTTGTCTCGGTCTGAmir-25	86634	8731	3783	8236
CCAATATTACTGTGCTGCTTTAmir-16-2	176	7	6	17
CCAATATTGGCTGTGCTGCTCCmir-195	154	1	2	7
CCACCGGGGGATGAATGTCACmir-181d	1	1	1	1
CCACCTCCCCTGCAAACGTCCAmir-1306	1069	81	21	84
CCAGTATTAACTGTGCTGCTGAmir-16-1	93	29	9	26
CCAGTCCTGTGCCTGCCGCCTmir-1910	1	1	1	1
CCAGTGGGGCTGCTGTTATCTGmir-194-2	21	1	1	1
CCCAGTGTTCAGACTACCTGTTCmir-199a-1//mir-199a-2	38	39	3	20
CCCCGGGGAGCCCGGCGmir-4532	7	103	1	1
CCGCACTGTGGGTACTTGCTGCmir-106b	7379	448	201	462
CCTATTCTTGATTACTTGTTTCmir-26a-2	460	15	8	19
CCTATTCTTGGTTACTTGCACGmir-26a-1	470	5	6	25
CCTCCCACACCCAAGGCTTGCAmir-532	183	22	40	128
CCTGTTCTCCATTACTTGGCTCmir-26b	214	5	6	30
CGAATCATTATTTGCTGCTCTAmir-15b	3096	292	104	144
CGCATCCCCTAGGGCATTGGTGTmir-324	193	34	23	33
CGGCAACAAGAAACTGCCTGAGmir-196a-2	39	19	21	33
CGGCCCCACGCACCAGGGTAAGAmir-874	93	5	1	9
CGGCTCTGGGTCTGTGGGGAmir-760	162	3	3	14
CGGGGCCGTAGCACTGTCTGAGAmir-128-1	1522	12	21	34
CGGGGTCGGCGGCGACGTGmir-7704	1	1	1	1
CGGGGTTTTGAGGGCGAGATGAmir-193b	267	8	6	28
CGGGTAGAGAGGGCAGTGGGAGGmir-197	9	1	1	1
CGGTGAGCGCTCGCTGGCmir-4792	1	2	1	1
CGTCAACACTTGCTGGTTTCCTmir-505	558	51	26	58
CGTCCCGGGGCTGCGCGAGGCAmir-4449	1	1	1	1
CGTGGAGGACGAGGAGGAGGCmir-7847	1	1	1	1
CTAAGAAGTTGACTGAAGmir-3653	5	2	1	1
CTAGACTGAAGCTCCTTGAGGmir-151a	79446	12657	3159	11096
CTAGGTATGGTCCCAGGGATCCmir-331	1129	94	39	90
CTATACAACCTACTGCCTTCCClet-7b	8920	275	244	666
CTATACAACTTACTACTTTCCCmir-98	127	12	21	47
CTATACAATCTACTGTCTTTClet-7a-1//let-7a-3	1798	196	136	190
CTATACAATCTATTGCCTTCCClet-7f-1	1622	37	23	53
CTATACAGTCTACTGTCTTTCClet-7f-2	113	17	21	49
CTATACGACCTGCTGCCTTTCTlet-7d	6051	471	141	537
CTATACGGCCTCCTAGCTTTCClet-7e	98	9	5	9
CTATATATCAAACATATTCCTmir-190a	6	8	10	17
CTCACTGAACAATGAATGCAAmir-181b-1	1	1	1	1
CTCAGTAGCCAGTGTAGATCCTmir-222	1616	3	34	40
CTCCCACATGCAGGGTTTGCAmir-188	5	2	7	14
CTCCGTTTGCCTGTTTCGCTGmir-1468	111110	5249	4315	15903
CTCCTACATATTAGCATTAACAmir-155	87	3	1	3
CTCCTGACTCCAGGTCCTGTGTmir-378a	640	114	35	63
CTCCTGGGGCCCGCACTCTCGCmir-1343	707	53	23	139
CTGAAGCTCAGAGGGCTCTGATmir-127	1	1	1	1
CTGACCTATGAATTGACAGCCmir-192	22972	6243	2557	6585
CTGCCAATTCCATAGGTCACAGmir-192	3	3	1	1
CTGCCCTGGCCCGAGGGACCGAmir-874	730	98	14	93
CTGCGCAAGCTACTGCCTTGCTlet-7i	533	91	34	84
CTGGCCCTCTCTGCCCTTCCGTmir-328	191	60	22	106
CTGGGAGAAGGCTGTTTACTCTmir-30c-2	574	40	19	47
CTGGGAGAGGGTTGTTTACTCCmir-30c-1	307	7	6	28
CTGGGAGGTGGATGTTTACTTCmir-30b	70	3	1	14
CTGGGATCTCCGGGGTCTTGGTTmir-769	62	9	6	2
CTGGTTTCACATGGTGGCTTAGmir-29b-2	17	1	1	1
CTGTACAGCCTCCTAGCTTTCClet-7a-2	14	2	1	1
CTGTACAGGCCACTGCCTTGClet-7g	63	10	8	19
CTGTGCGTGTGACAGCGGCTGAmir-210	4311	1885	433	3039
CTGTTGCCACTAACCTCAACCTmir-744	92	4	6	12
CTTAGCAGGTTGTATTATCATTmir-374b	186	19	13	27
CTTATCAGATTGTATTGTAATTmir-374a	1002	200	188	322
CTTATGCAAGATTCCCTTCTACmir-491	287	30	5	15
CTTGGCACCTAGCAAGCACTCAmir-1271	21905	233	86	219
CTTTCAGTCAGATGTTTGCTGCmir-30d	2072	150	63	198
CTTTCAGTCGGATGTTTACAGCmir-30e	3396	342	116	407
CTTTCAGTCGGATGTTTGCAGCmir-30a	3177	332	156	331
CTTTTTGCGGTCTGGGCTTGCmir-129-1//mir-129-2	723	118	25	166
GAAAATGATGAGTAGTGACTGATGmir-3662	5	1	1	1
GAACGGCTTCATACAGGAGTTmir-337	1	1	1	1
GAAGTTGTTCGTGGTGGATTCGmir-382	1	1	1	1
GAATGTTGCTCGGTGAACCCCTmir-409	3	18	1	8
GACCGAGAGGGCCTCGGCTGTmir-4523	16	2	1	2
GAGGGTTGGGTGGAGGCTCTCCmir-296	1	1	1	1
GAGTGGGGCTTCGACCCTAACCmir-1296	3	2	1	1
GATATCAGCTCAGTAGGCACCGmir-3074	141	6	6	1
GCAAAGCACACGGCCTGCAGAGAmir-330	71	6	2	6
GCAGTCCATGGGCATATACACmir-455	1873	160	71	210
GCCCAAAGGTGAATTTTTTGGGmir-186	5	2	1	2
GCCCCTGGGCCTATCCTAGAAmir-331	11924	606	301	810
GCCCTGAACGAGGGGTCTGGAGmir-345	972	222	87	141
GCCTGCTGGGGTGGAACCTGGTmir-370	1	3	1	1
GCGACCCATACTTGGTTTCAGmir-551b	1	1	1	1
GCGGGGCTGGGCGCGCGmir-4508	5	24	1	2
GCTACTTCACAACACCAGGGCCmir-138-1	1	1	1	1
GCTCTGACTTTATTGCACTACTmir-301a	98	2	3	4
GCTGACTCCTAGTCCAGGGCTCmir-345	128	25	34	35
GCTGCGCTTGGATTTCGTCCCCmir-191	522	21	30	56
GCTGGTTTCATATGGTGGTTTAGAmir-29b-1	105	1	1	9
GGATATCATCATATACTGTAAGmir-144	1	1	1	1
GGATCCGAGTCACGGCACCAmir-4454	3330	91	71	179
GGATTCCTGGAAATACTGTTCTmir-145	2	5	1	3
GGCGGCGGCGGAGGCGGGGGmir-3960	1	1	1	1
GGCGGCGGGGAGGTAGGCAGmir-8072	1	1	1	1
GGCTCCTTGGTCTAGGGGTAmir-4448	120	2	1	2
GGGAGCCAGGAAGTATTGATGTmir-505	11	1	1	1
GGGAGTGCAGGGCAGGGTTTCmir-504	5	1	1	1
GGGCTGGGGCGCGGGGAGGTmir-5787	1	1	1	1
GGGGCTGGGCGCGCGCCmir-4492	4	93	1	1
GGGGGGGCAGGAGGGGCTCAGGGmir-328	3	1	1	1
GGGGGTCCCCGGTGCTCGGATCmir-615	207	5	1	6
GGGGTTCCTGGGGATGGGATTTmir-23a	17	1	1	2
GGTGCAGTGCTGCATCTCTGGTmir-143	1	1	1	1
GTAGAGGAGATGGCGCAGGGmir-877	334	28	4	63
GTCATACACGGCTCTCCTCTCTmir-485	1	1	1	1
GTCCAGTTTTCCCAGGAATCCCTmir-145	4	7	1	1
GTGAAATGTTTAGGACCACTAGmir-203a	1	1	6	17
GTGAACGGGCGCCATCCCGAGGmir-887	1	1	1	1
GTGAATTACCGAAGGGCCATAAmir-183	241	25	12	53
GTGCATTGCTGTTGCATTGCmir-33b	357	192	150	114
GTGCATTGTAGTTGCATTGCAmir-33a	79	70	63	36
GTGGGCTGGGCTGGGCTGGGCCmir-3620	1	1	1	1
GTGTGCGGAAATGCTTCTGCTAmir-147b	128	17	53	54
GTTCCTGCTGAACTGAGCCAGmir-3074	714	86	45	73
TAAAGTGCTGACAGTGCAGATmir-106b	1829	483	428	870
TAAAGTGCTTATAGTGCAGGTAGmir-20a	2457	523	405	817
TAACACTGTCTGGTAAAGATGGmir-141	15	6	1	8
TAACACTGTCTGGTAACGATGTmir-200a	47	11	5	4
TAACAGTCTACAGCCATGGTCGmir-132	157	38	11	19
TAACAGTCTCCAGTCACGGCCmir-212	22	4	2	2
TAACATAATAGTGTGGATTGAmir-4803	1	1	1	1
TAACGGCCGCGGTACCCTAAmir-4485	5	10	2	5
TAACTGGTTGAACAACTGAACCmir-582	32	21	9	36
TAAGGTGCATCTAGTGCAGATAGmir-18a	713	267	110	135
TAATACTGCCGGGTAATGATGGAmir-200c	17	6	1	2
TAATACTGCCTGGTAATGATGAmir-200b	754	165	31	152
TAATACTGTCTGGTAAAACCGTmir-429	74	14	1	6
TAATCCTTGCTACCTGGGTGAGAmir-500a	42	6	21	49
TAATGCCCCTAAAAATCCTTATmir-365a//mir-365b	8193	880	228	1272
TACAGTACTGTGATAACTGAAmir-101-1//mir-101-2	6508	3131	1613	4013
TACCACAGGGTAGAACCACGGmir-140	24992	3477	352	1588
TACCCATTGCATATCGGAGTTGmir-660	9389	2287	3430	7763
TACCCTGTAGAACCGAATTTGTGmir-10b	478725	168371	45231	128203
TACCCTGTAGATCCGAATTTGTGmir-10a	929530	299888	65206	277306
TACGTAGATATATATGTATTTTmir-1277	1	1	1	1
TAGCACCATCTGAAATCGGTTAmir-29a	36194	3240	2247	6882
TAGCACCATTTGAAATCAGTGTTmir-29b-1//mir-29b-2	501	296	225	467
TAGCACCATTTGAAATCGGTTAmir-29c	1160	243	124	434
TAGCAGCACAGAAATATTGGCmir-195	683	153	45	128
TAGCAGCACATAATGGTTTGTGmir-15a	5433	779	637	1388
TAGCAGCACATCATGGTTTACAmir-15b	7892	655	639	1352
TAGCAGCACGTAAATATTGGCGmir-16-1//mir-16-2	117238	14280	9078	21239
TAGCAGCGGGAACAGTTCTGCAGmir-503	96	22	4	4
TAGCTTATCAGACTGATGTTGAmir-21	847796	270940	108885	268854
TAGGCAGTGTCATTAGCTGATTGmir-34b	1	1	1	1
TAGGTAGTTTCATGTTGTTGGGmir-196a-1//mir-196a-2	1967	327	240	374
TAGGTAGTTTCCTGTTGTTGGGmir-196b	8473	902	678	803
TAGGTTATCCGTGTTGCCTTCGmir-154	1	1	1	1
TAGTAGACCGTATAGCGTACGmir-411	6	46	1	24
TAGTGCAATATTGCTTATAGGGTmir-454	807	122	56	78
TATACAAGGGCAAGCTCTCTGTmir-381	2	20	1	10
TATAGGGATTGGAGCCGTGGCGmir-135a-1	193	16	4	7
TATGGCACTGGTAGAATTCACTmir-183	31483	8259	1249	4038
TATGGCTTTTCATTCCTATGTGAmir-135b	1	1	1	1
TATGGCTTTTTATTCCTATGTGAmir-135a-1//mir-135a-2	114	15	1	7
TATGTAACACGGTCCACTAACCmir-411	1	1	1	1
TATGTAACATGGTCCACTAACTmir-379	1	2	1	1
TATGTCTGCTGACCATCACCTTmir-654	9	18	1	8
TATGTGCCTTTGGACTACATCGmir-455	704	165	30	105
TATTGCACATTACTAAGTTGCAmir-32	490	196	139	207
TATTGCACTCGTCCCGGCCTCCmir-92b	142598	5925	5722	11228
TATTGCACTTGTCCCGGCCTGTmir-92a-1//mir-92a-2	538802	34525	11675	41084
TCAACAAAATCACTGATGCTGGAmir-3065	16	3	4	8
TCAAGAGCAATAACGAAAAATGTmir-335	14	2	1	1
TCACAAGTCAGGCTCTTGGGACmir-125b-2	240	46	24	260
TCACAGTGAACCGGTCTCTTTmir-128-1//mir-128-2	11322	680	308	857
TCAGCAAACATTTATTGTGTGCmir-545	21	14	6	15
TCAGCACCAGGATATTGTTGGAGmir-3065	4	1	1	2
TCAGGCTCAGTCCCCTCCCGATmir-484	7106	387	144	385
TCAGTAAATGTTTATTAGATGAmir-545	40	18	18	38
TCAGTGCACTACAGAACTTTGTmir-148a	147776	39525	8792	16826
TCAGTGCATCACAGAACTTTGTmir-148b	59394	8966	2300	7379
TCAGTGCATGACAGAACTTGGmir-152	1469	236	106	238
TCATTTTTGTGATGTTGCAGCTmir-153-2	1	1	1	1
TCCAGCATCAGTGATTTTGTTGmir-338	492	116	45	119
TCCATTACACTACCCTGCCTCTmir-885	338	67	42	231
TCCCCCAGGTGTGATTCTGATTTmir-361	1163	100	48	170
TCCCTGAGACCCTAACTTGTGAmir-125b-1//mir-125b-2	24117	1630	1528	3956
TCCCTGAGACCCTTTAACCTGTGAmir-125a	35240	3705	1128	5791
TCCCTGTCCTCCAGGAGCTCACGmir-339	2460	221	169	433
TCCGAGCCTGGGTCTCCCTCTTmir-615	2227	203	91	310
TCCGGTTCTCAGGGCTCCACCmir-671	2275	53	36	189
TCCGTCTCAGTTACTTTATAGCmir-340	395	36	18	45
TCCTCTTCTCCCTCCTCCCAGmir-877	16	1	1	1
TCCTGTACTGAGCTGCCCCGAGmir-486//mir-486-2	91260	24844	9450	34829
TCCTTCATTCCACCGGAGTCTGmir-205	14	1	1	5
TCGACAGCACGACACTGCCTTCmir-196b	111	9	5	16
TCGACCGGACCTCGACCGGCTmir-1307	9594	1712	1549	1803
TCGAGGAGCTCACAGTCTmir-151b	85	25	4	15
TCGAGGAGCTCACAGTCTAGTmir-151a	68527	10145	5010	15852
TCGGATCCGTCTGAGCTTGGCTmir-127	56	485	11	137
TCGGGGATCATCATGTCACGAGAmir-542	550	75	25	69
TCGTACCGTGAGTAATAATGCGmir-126	33	27	1	49
TCGTGTCTTGTGTTGCAGCCGGmir-187	8	1	2	1
TCTACAGTGCACGTGTCTCCAGTmir-139	9	10	2	32
TCTAGTAAGAGTGGCAGTCGAmir-628	82	10	3	10
TCTATACAGACCCTGGCTTTTCmir-1284	1	1	1	1
TCTCACACAGAAATCGCACCCGTmir-342	5904	1055	349	1366
TCTCCCAACCCTTGTACCAGTGmir-150	1	1	1	1
TCTCTGGGCCTGTGTCTTAGGCmir-330	731	36	29	36
TCTGGCTCCGTGTCTTCACTCCCmir-149	1924	91	220	470
TCTGTCATTTCTTTAGGCCAATAmir-215	2	1	1	1
TCTTGGAGTAGGTCATTGGGTGGmir-432	1	1	1	1
TCTTTGGTTATCTAGCTGTATGAmir-9-1//mir-9-2//mir-9-3	20453	3551	1561	2497
TGAAGCGCCTGTGCTCTGCCGAGAmir-7706	1	1	1	1
TGAAGGTCTACTGTGTGCCAGGmir-493	1	4	1	1
TGACCGATTTCTCCTGGTGTTCmir-29c	59	16	4	12
TGAGAACCACGTCTGCTCTGAGmir-589	1	1	1	1
TGAGAACTGAATTCCATAGGCTmir-146b	207	64	25	53
TGAGAACTGAATTCCATGGGTTmir-146a	35	11	5	13
TGAGACCTCTGGGTTCTGAGCTmir-769	11276	2293	1160	2863
TGAGATGAAGCACTGTAGCTCmir-143	393	1786	48	441
TGAGCGCCTCGACGACAGAGCCGmir-339	1	1	1	2
TGAGGCGGGGGGGCGAGCmir-6087	77	146	6	27
TGAGGGAGTAGGATGTATGGTTmir-4510	2	1	1	1
TGAGGGGCAGAGAGCGAGACTTTmir-423	17753	1252	526	3184
TGAGGTAGGAGGTTGTATAGTTlet-7e	4308	587	311	685
TGAGGTAGTAAGTTGTATTGTTmir-98	8428	2118	1306	1863
TGAGGTAGTAGATTGTATAGTTlet-7f-1//let-7f-2	148701	16892	12615	23520
TGAGGTAGTAGGTTGTATAGTTlet-7a-1//let-7a-2//let-7a-3	265802	29609	21125	44645
TGAGGTAGTAGGTTGTATGGTTlet-7c	1039	74	114	179
TGAGGTAGTAGGTTGTGTGGTTlet-7b	51441	6172	5759	9251
TGAGGTAGTAGTTTGTACAGTTlet-7g	15929	2659	1724	2908
TGAGGTAGTAGTTTGTGCTGTTlet-7i	184942	26308	6713	16423
TGAGTATTACATGGCCAATCTCmir-496	1	1	1	1
TGAGTGTGTGTGTGTGAGTGTGTmir-574	686	125	75	78
TGATATGTTTGATATATTAGGTmir-190a	107	30	72	91
TGATATGTTTGATATTGGGTTmir-190b	54	12	6	1
TGATTGTCCAAACGCAATTCTmir-219a-1	5	1	1	1
TGATTGTCCAAACGCAATTCTmir-219a-1//mir-219a-2	1	4	1	1
TGCACCATGGTTGTCTGAGCATGmir-767	1	1	1	1
TGCCCTGTGGACTCAGTTCTGGmir-146b	2	1	1	1
TGCCCTTCTCTCCTCCTGCCTmir-6886	1	1	1	1
TGCCTACTGAGCTGAAACACAGmir-24-2	759	203	241	350
TGCCTACTGAGCTGATATCAGTmir-24-1	32	10	7	7
TGCCTGTCTACACTTGCTGTGCmir-214	1	1	1	1
TGCGGGGCTAGGGCTAACAGCAmir-744	3450	478	201	711
TGCTATGCCAACATATTGCCATmir-31	671	96	127	171
TGGAAGACTAGTGATTTTGTTGTmir-7-1//mir-7-2//mir-7-3	1252	113	90	39
TGGACGGAGAACTGATAAGGGTmir-184	883	178	85	94
TGGAGACGCGGCCCTGTTGGAGTmir-139	1	1	1	1
TGGAGAGAAAGGCAGTTCCTGAmir-185	262	47	63	93
TGGAGATCCAGTGCTCGCCCGATmir-4683	2	1	1	1
TGGAGTGTGACAATGGTGTTTGmir-122	7	1	1	2
TGGATATGATGACTGAAAmir-4791	1	1	1	1
TGGCAGTGTATTGTTAGCTGGTmir-449a	204	32	78	86
TGGCAGTGTCTTAGCTGGTTGTmir-34a	2729	731	686	736
TGGCCCTGACTGAAGACCAGCAGTmir-1291	79	296	2	15
TGGCTCAGTTCAGCAGGAACAGmir-24-1//mir-24-2	17231	4141	2717	3686
TGGGGAGCGGCCCCCGGGTGGGmir-1343	22	1	1	1
TGGGTCTTTGCGGGCGAGATGAmir-193a	375	18	15	48
TGGGTTCCTGGCATGCTGATTTmir-23b	25	1	1	2
TGGTAGACTATGGAACGTAGGmir-379	1	3	1	1
TGGTAGAGCTGAGGACAmir-4451	3	1	1	1
TGGTTCTAGACTTGCCAACTAmir-182	14	2	1	4
TGTAAACATCCCCGACTGGAAGmir-30d	149363	21984	8534	41313
TGTAAACATCCTACACTCAGCTmir-30b	6190	2312	1091	3684
TGTAAACATCCTACACTCTCAGCmir-30c-2//mir-30c-1	19260	2148	1517	3192
TGTAAACATCCTCGACTGGAAGmir-30a	100008	25914	15374	29626
TGTAAACATCCTTGACTGGAAGmir-30e	15383	7166	4523	8574
TGTAACAGCAACTCCATGTGGAmir-194-1//mir-194-2	395	158	105	317
TGTAGTGTTTCCTACTTTATGGAmir-142	5	5	2	2
TGTCCTCTAGGGCCTGCAGTCTmir-3909	1	1	1	1
TGTCTGCCCGCATGCCTGCCTCTmir-346	271	14	20	25
TGTCTTGCAGGCCGTCATGCAmir-431	1	3	1	1
TGTGACAGATTGATAACTGAAAmir-542	1931	816	212	355
TGTGACTGGTTGACCAGAGGGGmir-134	1	3	1	1
TGTGCAAATCCATGCAAAACTGAmir-19b-1//mir-19b-2	2156	563	257	725
TGTGCAAATCTATGCAAAACTGAmir-19a	408	171	53	192
TGTTGTACTTTTTTTTTTGTTCmir-3613	373	149	62	67
TTAAGACTTGCAGTGATGTTTmir-499a	2	4	4	2
TTAATATCGGACAACCATTGTmir-889	1	3	1	1
TTAATGCTAATCGTGATAGGGGTmir-155	36742	2894	812	2637
TTAATTTTTTGTTTCGGTCACTmir-4775	1	1	1	1
TTACAGTTGTTCAACCAGTTACTmir-582	91	20	7	21
TTAGGGCCCTGGCTCCATCTCCmir-1296	312	6	14	23
TTATAAAGCAATGAGACTGATTmir-340	7091	1831	900	1872
TTATAATACAACCTGATAAGTGmir-374a	908	316	188	535
TTATCAGAATCTCCAGGGGTACmir-361	1470	491	143	607
TTATGGTTTGCCTGGGACTGAGmir-584	1	1	1	1
TTCAACGGGTATTTATTGAGCAmir-95	733	83	102	141
TTCAAGTAATCCAGGATAGGCTmir-26a-1//mir-26a-2	176901	38182	11689	58206
TTCAAGTAATTCAGGATAGGTmir-26b	17835	3578	1503	3847
TTCACAGTGGCTAAGTTCCGCmir-27a	58179	6416	7421	11786
TTCACAGTGGCTAAGTTCTGCmir-27b	624659	82635	34934	88754
TTCACCACCTTCTCCACCCAGCmir-197	3062	256	110	534
TTCAGATCCCAGCGGTGCCTCTmir-5100	21	1	1	1
TTCATTTGCCTCCCAGCCTACAmir-664b	59	11	2	16
TTCCCAGCCAACGCACCAmir-7977	1224	56	11	64
TTCCCTTTGTCATCCTATGCCTmir-204	14	10	53	22
TTCCCTTTGTCATCCTTCGCCTmir-211	2	5	1	17
TTGATCTCGGAAGCTAAGCmir-7641-1//mir-7641-2	1	2	1	2
TTGCATAGTCACAAAAGTGATCmir-153-1//mir-153-2	1	2	2	3
TTGCCACACTGCAACACCTTACAmir-3064	1	1	1	1
TTGGAGGCGTGGGTTTTmir-4443	6	1	2	1
TTGGGATCATTTTGCATCCATAmir-450b	6	1	1	2
TTGGGGAAACGGCCGCTGAGTGmir-2110	1	2	1	1
TTGTACATGGTAGGCTTTCATTmir-493	1	5	1	2
TTGTGCTTGATCTAACCATGTmir-218-1//mir-218-2	3	1	2	3
TTGTGTCAATATGCGATGATGTmir-592	189	21	15	10
TTTCCGGCTCGCGTGGGTGTGTmir-1180	1	1	1	1
TTTGGCAATGGTAGAACTCACACTmir-182	63389	17871	7074	23982
TTTGGCACTAGCACATTTTTGCTmir-96	504	119	62	173
TTTGGTCCCCTTCAACCAGCTGmir-133a-1//mir-133a-2	9	3	1	14
TTTGTGACCTGGTCCACTAACCmir-758	1	1	1	1
TTTGTTCGTTCGGCTCGCGTGAmir-375	263	38	25	70
TTTTGCAATATGTTCCTGAATAmir-450b	12076	2400	829	1592
TTTTGCGATGTGTTCCTAATATmir-450a-1//mir-450a-2	3561	433	161	280
TTTTTCATTATTGCTCCTGACCmir-335	238	30	3	6
